-- MySQL dump 10.13  Distrib 8.0.23, for Win64 (x86_64)
--
-- Host: localhost    Database: vk
-- ------------------------------------------------------
-- Server version	8.0.23

/*!40101 SET @OLD_CHARACTER_SET_CLIENT=@@CHARACTER_SET_CLIENT */;
/*!40101 SET @OLD_CHARACTER_SET_RESULTS=@@CHARACTER_SET_RESULTS */;
/*!40101 SET @OLD_COLLATION_CONNECTION=@@COLLATION_CONNECTION */;
/*!50503 SET NAMES utf8mb4 */;
/*!40103 SET @OLD_TIME_ZONE=@@TIME_ZONE */;
/*!40103 SET TIME_ZONE='+00:00' */;
/*!40014 SET @OLD_UNIQUE_CHECKS=@@UNIQUE_CHECKS, UNIQUE_CHECKS=0 */;
/*!40014 SET @OLD_FOREIGN_KEY_CHECKS=@@FOREIGN_KEY_CHECKS, FOREIGN_KEY_CHECKS=0 */;
/*!40101 SET @OLD_SQL_MODE=@@SQL_MODE, SQL_MODE='NO_AUTO_VALUE_ON_ZERO' */;
/*!40111 SET @OLD_SQL_NOTES=@@SQL_NOTES, SQL_NOTES=0 */;

--
-- Table structure for table `communities`
--

DROP TABLE IF EXISTS `communities`;
/*!40101 SET @saved_cs_client     = @@character_set_client */;
/*!50503 SET character_set_client = utf8mb4 */;
CREATE TABLE `communities` (
  `id` int unsigned NOT NULL AUTO_INCREMENT COMMENT 'Идентификатор сроки',
  `name` varchar(150) CHARACTER SET utf8mb4 COLLATE utf8mb4_unicode_ci NOT NULL COMMENT 'Название группы',
  `created_at` datetime DEFAULT CURRENT_TIMESTAMP COMMENT 'Время создания строки',
  `updated_at` datetime DEFAULT CURRENT_TIMESTAMP ON UPDATE CURRENT_TIMESTAMP COMMENT 'Время обновления строки',
  PRIMARY KEY (`id`),
  UNIQUE KEY `name` (`name`)
) ENGINE=InnoDB AUTO_INCREMENT=101 DEFAULT CHARSET=utf8mb4 COLLATE=utf8mb4_unicode_ci COMMENT='Группы';
/*!40101 SET character_set_client = @saved_cs_client */;

--
-- Dumping data for table `communities`
--

LOCK TABLES `communities` WRITE;
/*!40000 ALTER TABLE `communities` DISABLE KEYS */;
INSERT INTO `communities` VALUES (1,'odio','2017-11-10 09:51:56','2021-03-20 18:07:14'),(2,'aut','2017-09-29 18:53:42','2017-04-13 13:11:34'),(3,'occaecati','2015-09-21 22:39:28','2015-09-24 11:57:49'),(4,'exercitationem','2017-06-03 22:26:09','2019-09-15 05:54:40'),(5,'quas','2015-12-03 07:51:19','2011-05-01 04:48:04'),(6,'provident','2013-06-19 14:22:00','2015-03-20 20:36:32'),(7,'est','2016-02-03 12:49:19','2021-03-20 02:03:06'),(8,'deserunt','2011-07-19 09:22:43','2011-08-11 07:22:21'),(9,'et','2014-03-23 20:54:08','2011-08-18 16:48:19'),(10,'sit','2014-04-28 11:10:08','2012-01-15 15:14:56'),(11,'rerum','2011-08-21 16:37:03','2017-01-08 00:49:20'),(12,'placeat','2018-04-18 08:52:16','2013-10-28 10:32:04'),(13,'optio','2016-05-22 09:05:21','2017-02-08 12:44:00'),(14,'consequuntur','2017-08-23 05:01:05','2020-07-27 14:48:02'),(15,'eos','2015-12-15 15:39:59','2016-06-08 14:19:28'),(16,'id','2015-01-31 17:37:16','2013-06-17 04:54:18'),(17,'ut','2016-01-12 21:58:36','2014-07-10 20:35:03'),(18,'corrupti','2015-02-12 11:02:00','2011-05-05 03:19:51'),(19,'sunt','2020-05-13 01:14:52','2018-02-14 08:29:26'),(20,'vel','2016-12-07 01:42:01','2018-03-07 23:53:32'),(21,'natus','2014-03-05 05:27:52','2016-03-06 18:19:04'),(22,'harum','2020-07-07 07:24:52','2015-04-26 19:52:20'),(23,'saepe','2014-03-01 18:55:42','2012-07-14 06:17:41'),(24,'voluptas','2021-01-07 03:09:31','2011-07-20 03:05:34'),(25,'officia','2017-04-15 03:32:09','2012-10-24 19:13:24'),(26,'repellat','2017-12-29 13:59:48','2011-08-11 19:03:44'),(27,'iste','2017-07-07 04:40:41','2018-08-25 20:52:27'),(28,'dolore','2019-09-09 23:29:15','2017-10-01 16:20:43'),(29,'accusantium','2014-02-04 21:08:13','2013-06-05 06:56:29'),(30,'explicabo','2014-02-01 07:58:26','2018-04-06 12:45:13'),(31,'qui','2015-09-03 21:03:03','2012-11-19 20:36:48'),(32,'error','2020-05-05 04:29:41','2017-10-25 14:53:26'),(33,'vero','2016-07-24 06:42:06','2015-03-25 16:53:10'),(34,'dolorum','2014-01-28 05:01:02','2015-01-07 14:59:33'),(35,'in','2011-11-02 22:35:05','2013-03-13 12:59:25'),(36,'ducimus','2014-06-29 00:02:07','2020-04-05 16:14:38'),(37,'a','2016-12-03 17:05:02','2015-03-25 13:12:45'),(38,'perferendis','2014-12-04 11:42:41','2018-08-28 22:36:30'),(39,'incidunt','2017-02-28 10:42:44','2015-08-21 08:04:32'),(40,'laboriosam','2014-02-23 13:18:30','2012-07-22 19:05:49'),(41,'ex','2019-07-21 21:59:41','2015-07-31 02:54:21'),(42,'dolor','2018-08-13 03:39:21','2013-03-17 03:31:51'),(43,'excepturi','2014-09-15 05:14:55','2020-12-19 19:52:08'),(44,'fugit','2013-08-05 02:03:56','2013-07-22 04:35:12'),(45,'doloremque','2011-08-25 02:51:58','2015-01-29 11:32:10'),(46,'cumque','2014-04-19 20:27:47','2019-03-21 13:25:14'),(47,'ipsam','2013-02-26 22:02:57','2017-09-15 01:55:29'),(48,'possimus','2019-09-08 20:15:05','2020-10-03 13:20:43'),(49,'facilis','2019-12-06 18:38:07','2019-03-26 22:33:30'),(50,'quam','2020-01-25 09:11:48','2018-12-10 03:29:27'),(51,'nostrum','2014-01-10 19:48:44','2018-05-04 21:46:26'),(52,'veniam','2018-11-16 02:51:13','2020-03-09 17:07:02'),(53,'voluptatem','2016-08-08 17:41:47','2017-06-28 15:24:50'),(54,'corporis','2016-07-17 16:19:16','2018-07-10 04:57:59'),(55,'nisi','2017-12-10 23:57:04','2015-03-22 18:36:55'),(56,'cum','2015-11-12 07:06:36','2016-07-27 13:06:41'),(57,'ipsum','2012-05-13 12:08:35','2015-11-21 14:33:35'),(58,'architecto','2014-09-28 23:08:58','2013-01-02 20:34:08'),(59,'molestiae','2015-05-28 03:46:46','2017-11-11 00:50:39'),(60,'quidem','2014-07-11 04:49:56','2021-02-14 02:04:26'),(61,'omnis','2013-09-16 22:16:48','2012-04-09 03:12:26'),(62,'nihil','2017-12-06 00:44:42','2020-09-21 10:08:02'),(63,'tenetur','2013-08-22 18:39:34','2013-09-10 08:09:42'),(64,'magnam','2019-01-22 04:04:37','2020-01-01 14:10:47'),(65,'quod','2015-04-24 23:04:14','2020-07-20 20:27:06'),(66,'quia','2012-02-07 22:07:10','2016-08-08 23:07:25'),(67,'similique','2011-11-02 06:52:24','2016-07-02 13:06:10'),(68,'recusandae','2013-08-28 16:21:16','2017-07-21 21:10:32'),(69,'assumenda','2018-08-29 06:44:21','2018-04-29 18:59:42'),(70,'totam','2020-07-10 06:30:23','2016-10-04 23:03:59'),(71,'nulla','2013-10-19 10:23:46','2013-04-07 15:45:56'),(72,'consequatur','2015-12-02 14:19:20','2015-02-18 11:50:22'),(73,'voluptate','2017-10-07 06:42:14','2011-08-01 21:01:10'),(74,'atque','2011-11-25 06:57:21','2015-05-29 15:19:15'),(75,'at','2020-11-06 06:50:24','2012-10-30 00:03:07'),(76,'non','2013-10-18 17:04:13','2012-04-11 00:33:08'),(77,'temporibus','2011-10-14 01:34:24','2014-03-23 05:40:59'),(78,'mollitia','2012-04-06 15:33:54','2016-06-12 22:02:47'),(79,'sed','2018-07-03 06:07:15','2017-05-07 05:52:46'),(80,'consectetur','2017-06-13 05:06:33','2017-10-27 19:34:57'),(81,'ratione','2016-09-30 23:54:32','2018-07-13 08:33:23'),(82,'earum','2019-11-21 04:58:50','2016-04-04 15:21:14'),(83,'animi','2020-02-26 06:35:59','2020-08-11 14:20:29'),(84,'porro','2014-01-22 04:11:09','2018-04-29 03:38:59'),(85,'dolores','2017-11-06 08:35:03','2020-02-26 23:07:33'),(86,'necessitatibus','2014-02-27 03:31:01','2014-06-30 11:45:42'),(87,'perspiciatis','2019-08-11 03:16:45','2015-11-26 19:01:17'),(88,'unde','2018-09-08 21:18:08','2012-03-01 21:54:12'),(89,'quae','2019-11-02 13:48:33','2012-02-14 00:03:11'),(90,'aliquid','2014-12-10 01:00:24','2015-08-11 09:17:59'),(91,'repudiandae','2020-12-31 17:26:53','2017-10-15 15:14:45'),(92,'officiis','2016-04-02 05:37:21','2016-11-13 08:12:19'),(93,'nemo','2011-07-30 07:28:41','2013-08-20 16:56:00'),(94,'aperiam','2016-05-04 14:36:29','2019-08-24 11:55:21'),(95,'eum','2017-10-12 11:43:29','2021-03-06 03:11:44'),(96,'impedit','2018-07-18 06:36:55','2019-01-02 09:38:38'),(97,'nam','2013-02-24 07:51:33','2014-01-01 13:59:54'),(98,'maxime','2020-04-18 08:40:35','2015-02-01 10:04:28'),(99,'laborum','2019-01-06 03:15:15','2016-11-08 03:27:28'),(100,'maiores','2020-11-24 22:15:46','2020-07-20 12:34:32');
/*!40000 ALTER TABLE `communities` ENABLE KEYS */;
UNLOCK TABLES;

--
-- Table structure for table `communities_users`
--

DROP TABLE IF EXISTS `communities_users`;
/*!40101 SET @saved_cs_client     = @@character_set_client */;
/*!50503 SET character_set_client = utf8mb4 */;
CREATE TABLE `communities_users` (
  `community_id` int unsigned NOT NULL COMMENT 'Ссылка на группу',
  `user_id` int unsigned NOT NULL COMMENT 'Ссылка на пользователя',
  `created_at` datetime DEFAULT CURRENT_TIMESTAMP COMMENT 'Время создания строки',
  PRIMARY KEY (`community_id`,`user_id`) COMMENT 'Составной первичный ключ'
) ENGINE=InnoDB DEFAULT CHARSET=utf8mb4 COLLATE=utf8mb4_unicode_ci COMMENT='Участники групп, связь между пользователями и группами';
/*!40101 SET character_set_client = @saved_cs_client */;

--
-- Dumping data for table `communities_users`
--

LOCK TABLES `communities_users` WRITE;
/*!40000 ALTER TABLE `communities_users` DISABLE KEYS */;
INSERT INTO `communities_users` VALUES (1,1,'2016-06-21 06:40:53'),(2,2,'2016-03-01 19:52:35'),(3,3,'2012-01-15 20:42:06'),(4,4,'2015-07-28 22:39:21'),(5,5,'2014-09-25 05:48:04'),(6,6,'2017-07-18 21:14:52'),(7,7,'2016-05-21 23:29:49'),(8,8,'2020-01-02 02:26:03'),(9,9,'2018-09-26 01:25:13'),(10,10,'2020-07-10 03:09:43'),(11,11,'2014-05-10 11:35:11'),(12,12,'2014-05-19 08:49:09'),(13,13,'2011-10-16 15:54:27'),(14,14,'2014-08-12 04:49:16'),(15,15,'2018-01-03 01:37:22'),(16,16,'2011-08-18 03:37:55'),(17,17,'2018-07-17 11:11:26'),(18,18,'2011-12-30 20:03:08'),(19,19,'2017-09-14 00:35:40'),(20,20,'2013-12-03 17:37:20'),(21,21,'2015-06-08 04:58:21'),(22,22,'2015-01-21 18:46:03'),(23,23,'2020-05-28 20:51:59'),(24,24,'2018-11-18 18:00:24'),(25,25,'2018-04-13 18:30:34'),(26,26,'2014-01-27 03:43:08'),(27,27,'2018-06-01 01:25:36'),(28,28,'2017-06-25 19:40:01'),(29,29,'2020-01-04 18:29:53'),(30,30,'2013-01-30 07:34:14'),(31,31,'2011-05-29 04:16:36'),(32,32,'2019-11-25 09:56:54'),(33,33,'2016-12-31 18:42:19'),(34,34,'2019-01-15 03:29:55'),(35,35,'2011-12-19 01:14:21'),(36,36,'2016-09-27 01:06:59'),(37,37,'2012-11-19 23:37:21'),(38,38,'2011-06-27 04:16:04'),(39,39,'2014-11-30 17:38:30'),(40,40,'2015-01-06 02:42:11'),(41,41,'2012-09-08 04:02:29'),(42,42,'2019-05-06 11:54:05'),(43,43,'2014-04-11 02:33:35'),(44,44,'2015-12-15 09:23:05'),(45,45,'2016-02-07 10:41:02'),(46,46,'2020-11-06 17:26:25'),(47,47,'2017-12-10 13:34:52'),(48,48,'2011-10-14 10:41:59'),(49,49,'2021-03-27 16:12:53'),(50,50,'2016-04-20 09:18:21'),(51,51,'2013-07-08 21:36:02'),(52,52,'2012-11-11 15:57:48'),(53,53,'2019-07-24 09:27:27'),(54,54,'2017-01-07 16:23:41'),(55,55,'2020-02-19 14:47:01'),(56,56,'2019-12-25 16:11:14'),(57,57,'2018-11-09 06:39:05'),(58,58,'2012-06-18 16:42:10'),(59,59,'2018-02-23 19:54:08'),(60,60,'2020-11-30 12:22:35'),(61,61,'2015-02-26 10:11:03'),(62,62,'2017-11-25 15:15:25'),(63,63,'2016-09-11 04:16:09'),(64,64,'2017-07-30 07:33:38'),(65,65,'2015-05-23 23:39:08'),(66,66,'2011-11-19 06:30:15'),(67,67,'2017-03-19 14:02:35'),(68,68,'2014-05-05 09:32:50'),(69,69,'2013-04-23 21:07:35'),(70,70,'2012-11-08 08:16:02'),(71,71,'2018-01-23 03:01:16'),(72,72,'2015-03-15 15:49:03'),(73,73,'2015-02-01 16:18:20'),(74,74,'2012-02-14 19:59:34'),(75,75,'2015-04-25 02:11:37'),(76,76,'2017-04-21 01:19:08'),(77,77,'2014-04-18 17:29:22'),(78,78,'2017-03-27 23:23:30'),(79,79,'2016-05-08 18:54:41'),(80,80,'2015-12-08 11:26:03'),(81,81,'2016-05-28 08:51:14'),(82,82,'2012-04-30 15:08:32'),(83,83,'2020-04-12 09:35:58'),(84,84,'2011-07-02 18:28:54'),(85,85,'2021-03-20 06:14:44'),(86,86,'2011-10-02 18:38:12'),(87,87,'2016-11-25 21:11:58'),(88,88,'2015-08-12 18:32:01'),(89,89,'2019-04-20 04:57:37'),(90,90,'2012-11-13 01:59:24'),(91,91,'2020-04-14 17:55:19'),(92,92,'2021-02-11 00:39:01'),(93,93,'2011-07-02 08:57:15'),(94,94,'2014-05-28 22:54:30'),(95,95,'2017-11-21 23:10:09'),(96,96,'2017-06-01 22:04:17'),(97,97,'2015-08-04 09:08:11'),(98,98,'2018-03-26 13:31:27'),(99,99,'2015-06-12 15:02:18'),(100,100,'2013-03-31 13:13:56');
/*!40000 ALTER TABLE `communities_users` ENABLE KEYS */;
UNLOCK TABLES;

--
-- Table structure for table `friendship`
--

DROP TABLE IF EXISTS `friendship`;
/*!40101 SET @saved_cs_client     = @@character_set_client */;
/*!50503 SET character_set_client = utf8mb4 */;
CREATE TABLE `friendship` (
  `user_id` int unsigned NOT NULL COMMENT 'Ссылка на инициатора дружеских отношений',
  `friend_id` int unsigned NOT NULL COMMENT 'Ссылка на получателя приглашения дружить',
  `friendship_status_id` int unsigned NOT NULL COMMENT 'Ссылка на статус (текущее состояние) отношений',
  `requested_at` datetime DEFAULT CURRENT_TIMESTAMP COMMENT 'Время отправления приглашения дружить',
  `confirmed_at` datetime DEFAULT NULL COMMENT 'Время подтверждения приглашения',
  `created_at` datetime DEFAULT CURRENT_TIMESTAMP COMMENT 'Время создания строки',
  `updated_at` datetime DEFAULT CURRENT_TIMESTAMP ON UPDATE CURRENT_TIMESTAMP COMMENT 'Время обновления строки',
  PRIMARY KEY (`user_id`,`friend_id`) COMMENT 'Составной первичный ключ'
) ENGINE=InnoDB DEFAULT CHARSET=utf8mb4 COLLATE=utf8mb4_unicode_ci COMMENT='Таблица дружбы';
/*!40101 SET character_set_client = @saved_cs_client */;

--
-- Dumping data for table `friendship`
--

LOCK TABLES `friendship` WRITE;
/*!40000 ALTER TABLE `friendship` DISABLE KEYS */;
INSERT INTO `friendship` VALUES (1,1,1,'2011-11-07 09:48:11','2017-11-21 19:33:08','2014-01-12 01:04:08','2012-12-08 13:46:21'),(2,2,2,'2017-03-07 19:41:20','2017-10-10 02:10:08','2014-06-20 11:36:59','2016-06-24 01:07:33'),(3,3,3,'2019-10-13 08:55:35','2015-03-07 01:45:35','2020-06-06 12:43:27','2015-09-06 22:55:24'),(4,4,4,'2013-02-02 07:43:49','2015-07-10 10:29:58','2018-11-16 14:45:45','2018-04-18 19:00:15'),(5,5,5,'2017-04-14 00:25:21','2015-01-11 01:27:03','2018-11-17 10:19:57','2013-04-07 03:54:57'),(6,6,6,'2013-07-01 19:58:48','2015-08-13 16:09:24','2017-06-05 07:45:00','2012-03-21 14:42:57'),(7,7,7,'2015-04-09 21:26:03','2017-07-01 09:18:10','2012-04-22 08:05:33','2012-12-08 13:41:25'),(8,8,8,'2018-06-10 21:23:00','2019-02-01 14:34:29','2015-01-11 10:41:37','2012-04-27 06:46:45'),(9,9,9,'2020-01-12 10:53:56','2014-03-11 02:51:25','2017-04-15 05:37:57','2020-03-30 09:35:40'),(10,10,10,'2019-11-13 16:53:20','2019-02-11 21:05:02','2015-02-01 23:16:56','2018-04-11 16:03:55'),(11,11,11,'2019-12-24 19:16:56','2017-08-17 17:48:02','2015-03-16 01:10:06','2014-11-08 17:04:11'),(12,12,12,'2020-04-23 01:38:22','2017-06-04 14:22:55','2020-09-01 10:20:08','2017-11-01 23:03:13'),(13,13,13,'2020-11-27 15:10:36','2014-11-28 21:37:01','2012-12-01 02:23:55','2018-03-12 04:58:44'),(14,14,14,'2014-05-09 14:54:30','2015-12-10 14:38:57','2020-05-28 02:53:15','2017-03-02 18:29:29'),(15,15,15,'2015-05-02 00:12:12','2018-04-04 07:45:57','2019-07-09 11:48:08','2016-03-29 13:21:12'),(16,16,16,'2013-01-27 03:12:06','2017-12-16 19:12:13','2016-07-25 19:19:37','2013-06-29 07:51:28'),(17,17,17,'2012-12-21 03:18:14','2016-01-25 20:35:44','2014-04-13 19:21:22','2018-05-29 19:14:24'),(18,18,18,'2011-04-26 17:07:35','2015-03-04 06:02:26','2018-10-03 06:56:33','2016-02-25 21:47:07'),(19,19,19,'2011-10-24 14:21:51','2019-07-17 02:45:36','2019-08-26 14:29:13','2018-04-03 06:05:40'),(20,20,20,'2017-11-21 14:17:08','2016-11-25 13:59:27','2011-04-26 16:04:04','2017-02-04 05:50:30'),(21,21,21,'2012-06-20 05:07:44','2013-04-11 22:25:55','2013-12-16 08:25:27','2015-12-01 19:46:16'),(22,22,22,'2011-06-08 14:30:34','2013-09-06 07:09:26','2019-05-25 02:02:49','2019-08-21 04:55:53'),(23,23,23,'2021-04-08 20:54:53','2016-08-08 12:01:08','2015-11-21 16:00:01','2012-11-26 12:58:02'),(24,24,24,'2013-07-11 07:29:34','2013-05-16 20:32:00','2013-07-20 18:22:34','2015-06-22 17:12:22'),(25,25,25,'2014-06-09 18:30:50','2013-09-26 18:50:55','2015-01-25 18:53:03','2013-05-14 15:27:04'),(26,26,26,'2020-11-05 18:09:31','2016-04-03 09:53:53','2013-06-21 18:43:58','2018-07-10 05:33:28'),(27,27,27,'2016-06-08 23:59:06','2012-02-20 10:57:29','2013-03-23 15:03:56','2014-02-01 05:06:36'),(28,28,28,'2017-06-23 23:14:30','2020-06-11 03:49:39','2017-01-09 04:58:58','2021-01-23 23:30:22'),(29,29,29,'2017-04-16 22:49:38','2016-09-11 17:53:32','2011-04-29 02:52:34','2020-11-22 18:23:52'),(30,30,30,'2020-07-04 11:25:47','2020-09-18 17:24:15','2019-07-14 16:24:37','2013-12-31 08:09:58'),(31,31,31,'2017-02-09 09:10:48','2013-09-24 14:38:18','2016-10-15 20:57:28','2019-02-05 05:22:20'),(32,32,32,'2015-02-12 17:58:38','2013-06-30 06:09:18','2020-05-14 16:08:17','2013-01-28 07:52:18'),(33,33,33,'2017-04-29 23:32:30','2018-04-26 17:21:05','2018-12-16 04:15:13','2017-12-30 20:38:35'),(34,34,34,'2020-07-29 09:27:31','2012-04-08 06:31:31','2012-11-09 04:54:31','2020-01-04 17:20:03'),(35,35,35,'2015-07-04 10:33:26','2017-03-08 16:03:14','2016-06-19 23:02:46','2015-11-05 19:35:31'),(36,36,36,'2012-07-14 00:28:45','2012-04-27 17:04:42','2012-11-24 13:34:15','2015-01-04 02:41:22'),(37,37,37,'2016-05-04 01:38:44','2021-03-16 00:11:56','2020-12-14 16:25:42','2021-01-15 01:13:42'),(38,38,38,'2015-07-10 23:30:27','2018-08-16 04:30:12','2017-11-23 04:32:42','2019-09-01 12:39:06'),(39,39,39,'2013-10-26 20:20:32','2013-01-22 03:23:04','2017-09-10 01:52:46','2016-07-08 05:33:30'),(40,40,40,'2011-10-19 17:18:00','2018-05-12 19:46:40','2020-07-20 11:35:18','2013-09-04 07:40:36'),(41,41,41,'2015-11-10 18:04:28','2018-10-15 08:45:11','2014-04-30 13:42:14','2015-10-28 11:17:02'),(42,42,42,'2019-04-17 16:31:36','2018-09-30 03:38:23','2020-01-13 20:36:15','2020-12-18 04:21:23'),(43,43,43,'2014-02-22 02:26:41','2014-01-10 10:41:21','2018-12-09 18:00:16','2020-06-08 17:33:03'),(44,44,44,'2019-09-05 23:26:17','2016-03-20 13:01:52','2012-05-17 13:19:41','2011-08-27 20:28:59'),(45,45,45,'2015-10-28 04:36:39','2016-06-14 22:10:38','2011-05-02 19:01:13','2021-01-02 13:09:45'),(46,46,46,'2019-10-08 18:36:02','2021-04-08 11:51:41','2018-01-21 03:41:49','2014-08-20 16:15:03'),(47,47,47,'2017-01-18 23:26:58','2015-01-16 08:58:28','2012-11-16 07:23:07','2020-06-15 22:14:55'),(48,48,48,'2015-11-09 20:06:22','2013-10-28 09:13:18','2013-11-20 12:41:08','2016-07-01 17:53:12'),(49,49,49,'2017-12-29 11:22:26','2012-11-24 14:47:49','2020-01-30 06:07:46','2017-04-07 09:05:44'),(50,50,50,'2020-02-13 13:59:01','2018-02-01 23:56:45','2014-06-08 17:46:17','2019-03-28 02:02:57'),(51,51,51,'2013-06-30 20:08:10','2018-02-06 23:54:03','2014-06-13 19:20:41','2011-06-28 21:49:15'),(52,52,52,'2018-08-20 13:38:53','2012-03-26 03:20:58','2011-08-26 21:00:33','2019-04-26 20:11:27'),(53,53,53,'2021-01-08 10:35:40','2019-05-29 15:03:11','2019-04-30 03:12:28','2013-12-07 13:32:53'),(54,54,54,'2012-06-23 04:36:31','2014-11-11 10:15:43','2017-07-11 12:20:03','2014-10-03 10:37:22'),(55,55,55,'2014-08-28 23:57:27','2013-04-16 20:29:27','2020-08-23 04:37:12','2014-02-18 19:01:29'),(56,56,56,'2014-05-15 06:55:58','2015-03-31 01:27:28','2012-05-05 20:16:06','2017-10-17 08:49:12'),(57,57,57,'2019-03-04 04:00:50','2012-08-06 08:34:43','2012-12-07 13:16:13','2016-09-29 02:49:41'),(58,58,58,'2021-03-08 11:27:00','2017-02-06 00:26:28','2013-11-13 05:14:31','2018-02-22 11:29:20'),(59,59,59,'2018-01-30 23:51:14','2015-01-13 10:58:31','2018-10-05 10:49:47','2017-10-17 20:41:39'),(60,60,60,'2012-01-07 21:04:27','2015-10-30 04:46:56','2020-07-25 15:23:49','2017-03-06 10:20:16'),(61,61,61,'2011-06-21 14:08:20','2012-05-06 22:21:52','2020-01-24 07:14:33','2017-08-18 17:14:43'),(62,62,62,'2016-01-22 11:28:47','2015-02-05 09:55:12','2014-12-14 21:22:25','2011-08-24 04:19:30'),(63,63,63,'2014-01-08 20:25:09','2018-02-06 12:42:10','2015-04-08 08:00:25','2017-01-23 23:13:46'),(64,64,64,'2011-10-26 16:01:45','2020-06-04 12:33:26','2014-09-03 19:38:21','2015-03-25 03:08:33'),(65,65,65,'2019-11-28 17:36:46','2016-11-22 15:25:02','2018-07-25 17:11:02','2012-12-20 16:53:57'),(66,66,66,'2014-07-14 20:36:52','2012-10-08 12:06:42','2017-07-30 11:47:29','2017-12-03 13:16:54'),(67,67,67,'2016-04-14 08:08:45','2017-05-27 19:24:10','2014-05-30 15:34:13','2018-03-08 21:07:08'),(68,68,68,'2011-06-25 07:13:24','2015-07-07 19:20:15','2018-07-06 02:18:58','2019-01-26 10:15:23'),(69,69,69,'2012-03-14 04:43:10','2015-02-21 02:53:56','2016-01-15 10:57:42','2011-12-27 18:04:17'),(70,70,70,'2021-01-04 13:20:57','2014-05-16 22:18:39','2017-03-14 09:35:55','2021-02-26 15:27:15'),(71,71,71,'2017-11-19 08:53:53','2012-09-10 16:34:08','2020-07-02 20:57:52','2019-05-08 00:38:21'),(72,72,72,'2013-10-13 11:19:44','2019-05-13 19:37:46','2019-10-29 16:53:43','2020-01-09 03:51:26'),(73,73,73,'2017-09-04 08:34:27','2017-12-19 07:47:19','2020-05-17 19:13:05','2019-08-30 21:52:06'),(74,74,74,'2012-06-10 14:31:07','2018-01-18 21:47:28','2011-06-05 23:23:03','2013-12-10 23:17:59'),(75,75,75,'2014-01-20 21:45:10','2017-12-17 13:11:39','2017-07-17 07:10:56','2015-05-03 21:25:27'),(76,76,76,'2019-02-07 09:41:58','2014-12-04 01:37:54','2018-10-03 03:41:45','2014-02-05 22:46:20'),(77,77,77,'2015-01-01 20:56:01','2018-12-29 02:48:07','2021-04-09 22:00:35','2014-05-04 16:29:41'),(78,78,78,'2018-08-06 07:37:18','2012-05-15 23:04:45','2011-06-03 05:53:23','2018-07-02 02:23:49'),(79,79,79,'2020-06-06 23:07:53','2015-03-15 22:52:13','2017-01-10 10:28:52','2020-11-13 22:57:53'),(80,80,80,'2014-04-07 02:53:35','2014-03-04 00:28:28','2014-05-17 06:29:29','2016-03-27 23:29:18'),(81,81,81,'2011-10-17 23:01:34','2017-04-10 02:07:36','2017-05-05 16:43:10','2017-08-16 08:47:43'),(82,82,82,'2017-02-22 06:07:23','2011-08-07 07:25:38','2016-01-04 02:51:37','2020-05-02 06:34:24'),(83,83,83,'2020-12-21 07:39:05','2019-03-31 02:45:52','2018-03-31 11:53:23','2018-09-02 18:33:08'),(84,84,84,'2015-06-28 12:29:03','2018-05-31 09:47:42','2021-01-21 07:42:01','2013-08-28 14:09:03'),(85,85,85,'2018-11-05 22:42:01','2020-05-07 15:12:40','2016-01-27 21:07:17','2014-02-05 18:37:26'),(86,86,86,'2016-08-24 04:41:49','2016-12-22 12:14:19','2018-07-29 04:44:23','2020-07-25 03:24:58'),(87,87,87,'2014-06-13 02:22:52','2013-03-22 06:57:00','2020-03-26 08:06:35','2014-03-09 20:49:09'),(88,88,88,'2013-10-15 08:01:15','2019-06-28 12:02:28','2018-09-19 17:52:58','2013-01-18 15:20:13'),(89,89,89,'2012-04-20 15:08:25','2014-01-08 20:19:41','2019-09-15 14:50:21','2018-11-12 07:54:59'),(90,90,90,'2017-11-27 19:22:54','2020-06-13 16:50:35','2015-02-09 18:09:41','2018-02-06 11:01:14'),(91,91,91,'2020-12-05 21:06:07','2011-09-15 07:13:54','2012-07-06 00:08:51','2013-07-27 18:39:19'),(92,92,92,'2015-04-04 17:44:31','2012-03-13 01:44:25','2018-03-10 00:10:28','2015-06-30 23:58:17'),(93,93,93,'2018-04-02 05:11:58','2019-10-22 10:42:33','2011-08-06 01:22:40','2013-11-06 10:17:11'),(94,94,94,'2013-11-28 18:13:44','2015-11-17 19:19:42','2016-10-17 21:31:14','2015-06-25 12:54:20'),(95,95,95,'2019-02-27 23:34:41','2019-12-25 14:42:34','2014-12-22 20:55:19','2019-09-19 12:12:09'),(96,96,96,'2021-02-13 17:57:27','2012-05-22 01:14:37','2011-11-11 05:45:54','2020-09-16 17:00:54'),(97,97,97,'2013-12-28 09:13:52','2018-04-05 11:09:25','2014-04-27 10:46:31','2011-07-02 02:02:17'),(98,98,98,'2018-10-17 20:55:19','2012-03-18 00:56:33','2016-01-18 18:15:43','2018-09-09 07:10:57'),(99,99,99,'2020-05-23 20:52:10','2013-06-27 07:00:41','2011-09-28 07:35:17','2020-08-16 15:44:21'),(100,100,100,'2017-03-11 09:38:34','2016-08-07 20:56:20','2020-06-03 08:38:47','2016-06-29 22:22:31');
/*!40000 ALTER TABLE `friendship` ENABLE KEYS */;
UNLOCK TABLES;

--
-- Table structure for table `friendship_statuses`
--

DROP TABLE IF EXISTS `friendship_statuses`;
/*!40101 SET @saved_cs_client     = @@character_set_client */;
/*!50503 SET character_set_client = utf8mb4 */;
CREATE TABLE `friendship_statuses` (
  `id` int unsigned NOT NULL AUTO_INCREMENT COMMENT 'Идентификатор строки',
  `name` varchar(150) CHARACTER SET utf8mb4 COLLATE utf8mb4_unicode_ci NOT NULL COMMENT 'Название статуса',
  `created_at` datetime DEFAULT CURRENT_TIMESTAMP COMMENT 'Время создания строки',
  `updated_at` datetime DEFAULT CURRENT_TIMESTAMP ON UPDATE CURRENT_TIMESTAMP COMMENT 'Время обновления строки',
  PRIMARY KEY (`id`),
  UNIQUE KEY `name` (`name`)
) ENGINE=InnoDB AUTO_INCREMENT=101 DEFAULT CHARSET=utf8mb4 COLLATE=utf8mb4_unicode_ci COMMENT='Статусы дружбы';
/*!40101 SET character_set_client = @saved_cs_client */;

--
-- Dumping data for table `friendship_statuses`
--

LOCK TABLES `friendship_statuses` WRITE;
/*!40000 ALTER TABLE `friendship_statuses` DISABLE KEYS */;
INSERT INTO `friendship_statuses` VALUES (1,'quas','2016-01-17 23:10:35','2012-11-06 11:51:08'),(2,'et','2016-06-17 04:36:38','2015-01-14 00:17:59'),(3,'vitae','2017-06-29 05:36:38','2020-12-17 02:35:19'),(4,'vel','2020-10-18 23:36:46','2021-03-02 07:25:30'),(5,'enim','2016-08-20 19:03:50','2019-11-07 12:28:31'),(6,'doloribus','2013-04-07 20:40:44','2019-11-13 00:35:42'),(7,'distinctio','2015-08-25 01:33:01','2018-12-25 03:51:09'),(8,'quae','2017-01-01 03:26:33','2012-08-24 21:16:43'),(9,'aliquid','2018-05-30 15:32:21','2019-03-05 06:36:52'),(10,'error','2013-09-17 01:11:14','2015-01-20 16:09:43'),(11,'eos','2011-07-18 15:25:36','2012-02-06 03:10:38'),(12,'deleniti','2014-11-27 17:34:09','2012-03-15 04:50:56'),(13,'exercitationem','2013-01-25 07:24:08','2013-04-10 23:13:07'),(14,'illo','2016-09-23 00:41:46','2015-03-07 01:45:14'),(15,'quia','2020-01-23 18:07:00','2012-11-17 14:03:03'),(16,'atque','2017-09-02 04:47:30','2011-08-25 23:56:56'),(17,'occaecati','2020-10-11 06:42:24','2018-06-05 20:40:20'),(18,'ex','2019-04-15 13:11:20','2014-10-28 10:21:34'),(19,'nobis','2017-11-17 11:13:24','2013-06-11 10:29:06'),(20,'ut','2016-09-22 16:05:11','2015-01-10 17:13:32'),(21,'inventore','2020-07-27 22:13:27','2014-01-16 18:55:54'),(22,'itaque','2012-12-14 15:21:17','2018-12-31 10:04:53'),(23,'iusto','2013-06-03 05:00:56','2012-05-05 15:47:30'),(24,'eveniet','2017-11-10 05:37:03','2011-07-10 12:38:33'),(25,'quasi','2013-11-15 08:22:31','2013-02-24 23:31:30'),(26,'iure','2012-08-19 02:00:28','2019-08-12 22:29:12'),(27,'autem','2017-06-29 18:37:46','2012-05-01 21:24:03'),(28,'incidunt','2016-11-30 03:13:33','2016-01-12 18:19:25'),(29,'est','2019-11-21 03:50:16','2020-04-08 18:20:06'),(30,'qui','2019-11-05 03:01:19','2014-10-21 21:26:27'),(31,'ipsa','2015-05-15 19:58:39','2018-11-24 21:39:13'),(32,'aut','2014-04-04 15:33:50','2018-05-10 23:08:44'),(33,'sunt','2012-07-26 20:59:23','2019-10-18 15:22:25'),(34,'cupiditate','2020-06-12 13:25:20','2021-03-22 13:45:14'),(35,'repudiandae','2016-05-02 19:18:38','2011-09-25 10:00:57'),(36,'architecto','2020-06-02 16:28:58','2014-02-25 10:37:04'),(37,'rerum','2014-05-14 01:52:19','2014-03-16 00:46:36'),(38,'dolor','2014-12-27 13:24:26','2012-02-24 22:16:25'),(39,'iste','2020-10-20 23:20:55','2013-12-06 15:03:34'),(40,'commodi','2014-01-20 20:25:50','2018-12-03 23:47:11'),(41,'laborum','2011-11-21 15:30:03','2018-06-07 18:31:39'),(42,'harum','2015-09-25 15:43:24','2014-02-18 01:03:31'),(43,'assumenda','2018-07-04 01:49:44','2019-11-01 04:34:35'),(44,'reprehenderit','2019-08-09 14:56:25','2015-11-09 08:36:28'),(45,'molestias','2020-04-11 22:04:00','2016-09-24 03:19:55'),(46,'fugit','2017-08-29 21:35:57','2011-09-23 06:47:58'),(47,'facere','2019-12-21 06:53:15','2018-09-27 10:46:56'),(48,'eius','2017-06-29 22:04:19','2017-06-04 18:18:06'),(49,'in','2019-06-22 06:34:00','2016-10-06 01:56:45'),(50,'delectus','2014-04-03 04:52:52','2018-06-18 11:26:43'),(51,'modi','2017-02-04 20:18:16','2020-06-22 15:02:53'),(52,'voluptatem','2018-02-06 03:18:37','2016-03-21 12:38:08'),(53,'ipsum','2017-12-15 21:04:59','2017-04-18 23:17:18'),(54,'accusantium','2014-08-08 02:41:09','2014-03-30 03:24:31'),(55,'sapiente','2019-03-01 13:02:16','2020-07-20 07:18:33'),(56,'labore','2014-04-01 05:58:20','2011-06-25 15:15:15'),(57,'impedit','2018-07-13 14:28:31','2013-12-09 19:59:37'),(58,'blanditiis','2015-06-09 22:05:07','2021-03-25 16:56:46'),(59,'non','2017-11-05 00:09:50','2014-01-17 06:49:24'),(60,'a','2017-04-03 17:36:17','2015-07-03 19:57:10'),(61,'quibusdam','2011-06-21 08:11:47','2011-08-09 20:01:41'),(62,'nisi','2020-05-22 00:12:13','2020-01-27 13:47:28'),(63,'corrupti','2019-04-11 04:11:21','2016-07-04 01:52:20'),(64,'cum','2015-08-16 23:43:16','2019-08-25 11:18:57'),(65,'voluptatibus','2011-07-27 10:48:52','2013-02-23 02:10:18'),(66,'dolorum','2015-06-29 03:43:03','2019-09-21 08:35:18'),(67,'quo','2014-06-29 17:20:59','2019-12-23 11:07:10'),(68,'quis','2020-07-26 15:13:22','2018-11-20 01:30:02'),(69,'nostrum','2012-12-13 17:20:42','2014-07-04 23:58:26'),(70,'nulla','2018-12-21 06:23:58','2013-04-21 10:15:49'),(71,'sed','2011-08-23 18:52:44','2016-02-19 10:03:12'),(72,'omnis','2018-08-15 15:56:19','2014-08-08 08:34:43'),(73,'veritatis','2013-04-13 04:08:45','2015-03-16 20:31:05'),(74,'suscipit','2019-11-04 14:01:33','2020-06-17 13:58:07'),(75,'quisquam','2013-07-01 11:08:10','2015-07-11 11:21:34'),(76,'numquam','2013-06-21 21:02:32','2016-05-01 14:24:41'),(77,'quaerat','2015-07-24 01:51:43','2011-11-16 19:55:55'),(78,'velit','2017-05-23 12:41:08','2015-06-03 16:46:02'),(79,'consequuntur','2014-02-01 07:08:42','2015-05-20 14:28:22'),(80,'totam','2013-09-26 03:42:27','2018-02-04 20:31:30'),(81,'unde','2018-05-15 13:11:33','2018-09-20 05:08:01'),(82,'similique','2014-06-30 21:57:41','2015-03-25 13:03:16'),(83,'id','2015-01-01 17:19:23','2015-08-25 20:09:06'),(84,'minima','2015-03-05 23:16:21','2011-04-24 21:53:40'),(85,'molestiae','2019-03-23 01:46:57','2021-03-14 06:42:20'),(86,'ratione','2016-06-21 13:26:01','2012-01-31 02:26:38'),(87,'provident','2015-02-14 07:47:44','2011-07-07 01:04:59'),(88,'repellat','2013-04-12 08:28:07','2018-09-11 15:01:06'),(89,'debitis','2017-02-11 04:48:19','2014-09-05 18:46:52'),(90,'optio','2013-05-14 20:04:11','2020-07-04 22:52:50'),(91,'aliquam','2013-01-06 21:10:45','2020-03-19 09:57:23'),(92,'nemo','2017-10-26 16:32:10','2017-08-15 10:11:28'),(93,'fuga','2012-04-10 16:43:09','2013-04-22 01:22:46'),(94,'laboriosam','2017-05-05 22:45:53','2019-06-17 20:48:35'),(95,'excepturi','2014-03-28 01:15:42','2018-07-27 08:17:36'),(96,'hic','2012-07-06 06:24:38','2019-07-13 11:53:52'),(97,'sint','2016-04-27 16:44:06','2016-07-21 04:38:39'),(98,'placeat','2013-01-02 06:46:55','2016-12-28 18:58:18'),(99,'dolorem','2018-09-18 08:25:40','2019-08-13 20:13:22'),(100,'dolore','2013-08-23 11:17:55','2011-07-16 01:13:04');
/*!40000 ALTER TABLE `friendship_statuses` ENABLE KEYS */;
UNLOCK TABLES;

--
-- Table structure for table `media`
--

DROP TABLE IF EXISTS `media`;
/*!40101 SET @saved_cs_client     = @@character_set_client */;
/*!50503 SET character_set_client = utf8mb4 */;
CREATE TABLE `media` (
  `id` int unsigned NOT NULL AUTO_INCREMENT COMMENT 'Идентификатор строки',
  `user_id` int unsigned NOT NULL COMMENT 'Ссылка на пользователя, который загрузил файл',
  `filename` varchar(255) CHARACTER SET utf8mb4 COLLATE utf8mb4_unicode_ci NOT NULL COMMENT 'Путь к файлу',
  `size` int NOT NULL COMMENT 'Размер файла',
  `metadata` longtext CHARACTER SET utf8mb4 COLLATE utf8mb4_bin COMMENT 'Метаданные файла',
  `media_type_id` int unsigned NOT NULL COMMENT 'Ссылка на тип контента',
  `created_at` datetime DEFAULT CURRENT_TIMESTAMP COMMENT 'Время создания строки',
  `updated_at` datetime DEFAULT CURRENT_TIMESTAMP ON UPDATE CURRENT_TIMESTAMP COMMENT 'Время обновления строки',
  PRIMARY KEY (`id`),
  CONSTRAINT `media_chk_1` CHECK (json_valid(`metadata`))
) ENGINE=InnoDB AUTO_INCREMENT=101 DEFAULT CHARSET=utf8mb4 COLLATE=utf8mb4_unicode_ci COMMENT='Медиафайлы';
/*!40101 SET character_set_client = @saved_cs_client */;

--
-- Dumping data for table `media`
--

LOCK TABLES `media` WRITE;
/*!40000 ALTER TABLE `media` DISABLE KEYS */;
INSERT INTO `media` VALUES (1,1,'porro',76899408,NULL,1,'2014-08-28 06:53:18','2011-07-13 03:48:05'),(2,2,'enim',660,NULL,2,'2020-04-14 21:34:58','2012-12-06 21:43:36'),(3,3,'perspiciatis',0,NULL,3,'2012-09-05 06:51:02','2017-01-12 06:59:04'),(4,4,'suscipit',4579456,NULL,4,'2012-01-25 05:05:12','2017-08-09 01:37:03'),(5,5,'recusandae',0,NULL,5,'2013-05-07 18:29:50','2019-08-14 07:27:47'),(6,6,'asperiores',38,NULL,1,'2020-03-22 18:55:02','2014-01-09 23:17:23'),(7,7,'quisquam',28787,NULL,2,'2017-01-02 05:13:51','2013-09-04 08:11:14'),(8,8,'fuga',74,NULL,3,'2015-08-28 06:14:37','2019-03-08 17:46:00'),(9,9,'incidunt',750539,NULL,4,'2017-06-25 12:38:04','2013-11-25 02:03:22'),(10,10,'nobis',581,NULL,5,'2017-11-14 02:39:47','2014-07-15 23:48:11'),(11,11,'et',5,NULL,1,'2011-07-21 21:38:24','2020-08-26 23:27:16'),(12,12,'ex',4,NULL,2,'2017-06-12 07:11:58','2015-10-24 01:38:51'),(13,13,'ea',3530,NULL,3,'2020-04-14 09:22:55','2020-06-08 13:14:42'),(14,14,'aliquam',8209717,NULL,4,'2014-02-17 10:32:17','2017-06-25 07:34:48'),(15,15,'labore',4758,NULL,5,'2012-12-27 18:57:47','2014-09-20 13:04:05'),(16,16,'ipsam',0,NULL,1,'2011-09-13 23:58:42','2013-01-27 02:30:55'),(17,17,'maxime',6098,NULL,2,'2015-03-03 20:33:21','2011-12-22 04:29:53'),(18,18,'error',6247,NULL,3,'2016-09-18 16:10:36','2017-07-23 08:30:26'),(19,19,'aut',1091,NULL,4,'2015-07-21 15:43:24','2016-06-27 17:04:42'),(20,20,'tempore',96,NULL,5,'2014-08-20 20:40:53','2019-02-12 02:39:10'),(21,21,'rerum',75,NULL,1,'2014-01-26 10:33:07','2014-12-03 05:45:31'),(22,22,'nihil',24,NULL,2,'2015-12-03 07:21:54','2014-09-12 12:47:25'),(23,23,'praesentium',89763,NULL,3,'2020-07-07 20:58:46','2018-01-29 22:50:25'),(24,24,'illo',7,NULL,4,'2012-01-17 02:34:35','2011-04-21 19:44:04'),(25,25,'eaque',0,NULL,5,'2016-03-23 18:18:30','2016-09-19 12:26:59'),(26,26,'optio',480,NULL,1,'2012-07-23 13:29:21','2017-06-09 15:18:40'),(27,27,'facere',145678988,NULL,2,'2019-04-05 21:57:55','2016-01-08 21:48:24'),(28,28,'facilis',1290997,NULL,3,'2017-04-19 09:10:37','2020-11-18 16:07:02'),(29,29,'eum',886,NULL,4,'2013-10-07 04:19:54','2012-11-22 13:09:59'),(30,30,'maiores',595,NULL,5,'2012-10-31 06:20:41','2019-09-17 07:40:01'),(31,31,'et',4506425,NULL,1,'2019-03-25 03:29:20','2019-04-21 20:47:03'),(32,32,'ratione',7,NULL,2,'2019-01-07 13:16:59','2013-02-03 15:09:25'),(33,33,'occaecati',34483881,NULL,3,'2013-01-19 06:13:51','2014-04-23 03:29:15'),(34,34,'ipsum',60,NULL,4,'2012-05-24 20:48:47','2014-08-20 16:39:23'),(35,35,'placeat',9,NULL,5,'2018-02-23 03:54:55','2013-08-21 02:34:05'),(36,36,'non',3,NULL,1,'2012-10-12 11:07:02','2015-05-26 20:55:22'),(37,37,'in',2070,NULL,2,'2011-05-30 09:32:05','2014-07-30 03:25:25'),(38,38,'architecto',431726,NULL,3,'2012-08-18 18:08:39','2019-11-16 23:03:51'),(39,39,'rerum',500061396,NULL,4,'2012-05-20 10:08:01','2019-02-22 14:36:30'),(40,40,'eum',4622,NULL,5,'2015-06-30 09:46:26','2019-09-26 08:14:11'),(41,41,'quia',5938143,NULL,1,'2018-09-14 08:52:00','2014-06-14 16:46:19'),(42,42,'molestias',34758442,NULL,2,'2019-02-02 22:21:03','2017-03-08 00:27:47'),(43,43,'aperiam',475329,NULL,3,'2020-02-04 12:28:07','2021-03-29 14:54:30'),(44,44,'dolorem',65402,NULL,4,'2015-11-08 18:10:52','2015-02-10 17:43:07'),(45,45,'fugiat',150266614,NULL,5,'2017-02-10 18:40:48','2018-11-10 07:53:54'),(46,46,'sunt',458722,NULL,1,'2014-04-12 07:13:22','2013-03-17 14:58:08'),(47,47,'est',1227,NULL,2,'2012-03-21 08:44:34','2019-11-21 23:34:28'),(48,48,'dignissimos',3939,NULL,3,'2017-11-23 00:58:58','2020-10-11 19:40:44'),(49,49,'quasi',152611,NULL,4,'2014-12-05 07:57:10','2015-01-11 08:43:18'),(50,50,'odio',8973337,NULL,5,'2019-10-20 23:21:44','2013-06-04 11:12:24'),(51,51,'quia',71824996,NULL,1,'2015-12-19 03:58:00','2019-05-02 06:37:50'),(52,52,'voluptatem',988,NULL,2,'2013-10-16 10:57:48','2016-07-16 04:05:29'),(53,53,'amet',752476504,NULL,3,'2020-10-03 16:35:09','2015-03-04 11:10:51'),(54,54,'eligendi',197941072,NULL,4,'2019-05-19 05:55:06','2013-05-17 12:42:26'),(55,55,'maxime',7020427,NULL,5,'2011-06-30 23:05:45','2019-11-01 06:20:54'),(56,56,'quis',200547576,NULL,1,'2011-11-06 21:33:57','2011-05-18 13:32:13'),(57,57,'dolore',7346,NULL,2,'2014-12-29 17:22:24','2013-01-25 08:53:50'),(58,58,'voluptate',0,NULL,3,'2012-07-08 11:02:53','2018-08-06 06:47:12'),(59,59,'veniam',372242976,NULL,4,'2012-12-18 03:18:26','2015-10-15 15:56:06'),(60,60,'quam',6717,NULL,5,'2018-08-22 17:37:01','2016-01-13 09:14:07'),(61,61,'libero',2,NULL,1,'2019-10-19 03:30:42','2013-02-23 00:49:39'),(62,62,'fugiat',962238995,NULL,2,'2019-10-22 06:22:17','2017-03-13 16:55:43'),(63,63,'sed',466161021,NULL,3,'2012-12-11 11:27:58','2019-09-22 08:15:52'),(64,64,'voluptas',2494664,NULL,4,'2017-12-23 19:16:17','2016-09-29 10:07:01'),(65,65,'blanditiis',316793712,NULL,5,'2015-12-19 06:07:56','2012-06-06 09:37:39'),(66,66,'nihil',93201,NULL,1,'2013-11-04 05:51:13','2016-11-29 16:06:56'),(67,67,'qui',682697927,NULL,2,'2014-09-17 17:50:32','2019-03-03 22:35:11'),(68,68,'voluptatum',366,NULL,3,'2014-03-23 00:23:55','2021-01-13 19:00:45'),(69,69,'id',8743,NULL,4,'2015-07-24 23:12:28','2012-04-13 03:49:57'),(70,70,'accusamus',32,NULL,5,'2013-03-04 04:46:40','2014-09-13 10:01:13'),(71,71,'rerum',47041047,NULL,1,'2012-05-06 08:07:46','2018-02-26 01:55:55'),(72,72,'fugiat',298196,NULL,2,'2017-02-10 19:03:09','2013-04-15 12:19:13'),(73,73,'illo',58472,NULL,3,'2019-11-30 14:08:06','2016-08-03 03:00:07'),(74,74,'ut',19481321,NULL,4,'2019-02-18 10:22:59','2017-11-30 04:34:51'),(75,75,'minus',83,NULL,5,'2016-03-17 12:51:45','2017-09-03 08:28:22'),(76,76,'nesciunt',2796,NULL,1,'2011-08-15 11:40:34','2012-05-25 22:36:32'),(77,77,'a',503202950,NULL,2,'2012-06-21 22:26:39','2019-04-10 18:08:10'),(78,78,'sint',4535379,NULL,3,'2015-07-12 11:36:31','2015-05-10 12:32:33'),(79,79,'veritatis',89343,NULL,4,'2012-12-30 01:37:25','2013-09-27 02:57:10'),(80,80,'quaerat',477999,NULL,5,'2017-07-17 13:00:19','2016-04-14 03:16:21'),(81,81,'qui',0,NULL,1,'2019-06-29 03:42:15','2016-02-23 02:13:06'),(82,82,'expedita',6721713,NULL,2,'2011-09-29 07:57:19','2017-10-20 23:24:30'),(83,83,'odio',1017263,NULL,3,'2011-10-15 18:55:36','2019-08-31 03:38:57'),(84,84,'illum',196013,NULL,4,'2012-04-06 19:22:25','2020-10-12 14:20:06'),(85,85,'magni',882,NULL,5,'2012-09-23 15:09:55','2016-07-09 00:37:13'),(86,86,'pariatur',3604251,NULL,1,'2020-04-16 17:24:11','2019-06-28 09:59:57'),(87,87,'omnis',13,NULL,2,'2018-02-19 19:57:14','2018-05-09 08:16:25'),(88,88,'adipisci',62645172,NULL,3,'2019-07-23 21:42:57','2019-05-12 22:48:21'),(89,89,'sunt',5004246,NULL,4,'2017-02-14 06:51:41','2017-09-11 11:08:16'),(90,90,'quis',1,NULL,5,'2020-02-02 18:02:16','2019-11-30 16:22:53'),(91,91,'enim',5,NULL,1,'2013-06-02 17:30:37','2016-10-13 07:50:03'),(92,92,'rerum',57,NULL,2,'2011-04-11 17:51:52','2020-09-28 14:23:29'),(93,93,'et',7914067,NULL,3,'2014-04-01 00:59:08','2017-07-23 15:32:57'),(94,94,'dolorum',58025848,NULL,4,'2020-06-22 21:43:12','2012-07-23 21:37:19'),(95,95,'dolor',868,NULL,5,'2014-04-15 17:44:01','2020-01-28 17:11:20'),(96,96,'debitis',73126029,NULL,1,'2013-11-23 01:59:13','2013-05-07 13:51:29'),(97,97,'odit',86872,NULL,2,'2019-12-29 19:18:10','2016-04-09 19:18:46'),(98,98,'ea',14,NULL,3,'2019-04-17 04:28:30','2014-06-14 03:56:29'),(99,99,'exercitationem',836313792,NULL,4,'2018-09-01 18:50:49','2019-11-15 02:59:51'),(100,100,'temporibus',3315111,NULL,5,'2014-08-08 18:45:48','2011-05-25 13:49:13');
/*!40000 ALTER TABLE `media` ENABLE KEYS */;
UNLOCK TABLES;

--
-- Table structure for table `media_types`
--

DROP TABLE IF EXISTS `media_types`;
/*!40101 SET @saved_cs_client     = @@character_set_client */;
/*!50503 SET character_set_client = utf8mb4 */;
CREATE TABLE `media_types` (
  `id` int unsigned NOT NULL AUTO_INCREMENT COMMENT 'Идентификатор строки',
  `name` varchar(255) CHARACTER SET utf8mb4 COLLATE utf8mb4_unicode_ci NOT NULL COMMENT 'Название типа',
  `created_at` datetime DEFAULT CURRENT_TIMESTAMP COMMENT 'Время создания строки',
  `updated_at` datetime DEFAULT CURRENT_TIMESTAMP ON UPDATE CURRENT_TIMESTAMP COMMENT 'Время обновления строки',
  PRIMARY KEY (`id`),
  UNIQUE KEY `name` (`name`)
) ENGINE=InnoDB AUTO_INCREMENT=6 DEFAULT CHARSET=utf8mb4 COLLATE=utf8mb4_unicode_ci COMMENT='Типы медиафайлов';
/*!40101 SET character_set_client = @saved_cs_client */;

--
-- Dumping data for table `media_types`
--

LOCK TABLES `media_types` WRITE;
/*!40000 ALTER TABLE `media_types` DISABLE KEYS */;
INSERT INTO `media_types` VALUES (1,'illo','2020-12-11 16:28:50','2020-09-08 07:09:30'),(2,'nihil','2011-12-28 21:28:41','2019-03-06 12:58:02'),(3,'vel','2016-09-19 10:28:45','2011-12-13 20:10:05'),(4,'dicta','2014-04-27 15:13:07','2019-08-14 12:57:45'),(5,'doloribus','2012-02-09 01:53:27','2018-02-04 04:02:17');
/*!40000 ALTER TABLE `media_types` ENABLE KEYS */;
UNLOCK TABLES;

--
-- Table structure for table `messages`
--

DROP TABLE IF EXISTS `messages`;
/*!40101 SET @saved_cs_client     = @@character_set_client */;
/*!50503 SET character_set_client = utf8mb4 */;
CREATE TABLE `messages` (
  `id` int unsigned NOT NULL AUTO_INCREMENT COMMENT 'Идентификатор строки',
  `from_user_id` int unsigned NOT NULL COMMENT 'Ссылка на отправителя сообщения',
  `to_user_id` int unsigned NOT NULL COMMENT 'Ссылка на получателя сообщения',
  `body` text CHARACTER SET utf8mb4 COLLATE utf8mb4_unicode_ci NOT NULL COMMENT 'Текст сообщения',
  `is_important` tinyint(1) DEFAULT NULL COMMENT 'Признак важности',
  `is_delivered` tinyint(1) DEFAULT NULL COMMENT 'Признак доставки',
  `created_at` datetime DEFAULT CURRENT_TIMESTAMP COMMENT 'Время создания строки',
  PRIMARY KEY (`id`)
) ENGINE=InnoDB AUTO_INCREMENT=101 DEFAULT CHARSET=utf8mb4 COLLATE=utf8mb4_unicode_ci COMMENT='Сообщения';
/*!40101 SET character_set_client = @saved_cs_client */;

--
-- Dumping data for table `messages`
--

LOCK TABLES `messages` WRITE;
/*!40000 ALTER TABLE `messages` DISABLE KEYS */;
INSERT INTO `messages` VALUES (1,1,1,'Blanditiis dolorum quia non aperiam. Vitae aut sint quasi. Est placeat laborum culpa dignissimos dolores consequatur.',1,0,'2013-06-26 23:07:26'),(2,2,2,'Ducimus ut non fugiat sint dolores consequuntur. Optio non qui quod aut repellat sed blanditiis ut. Eveniet quis officiis et ut saepe iusto mollitia. Sit odit asperiores tempora delectus. Atque voluptate dolorem sint unde quo voluptas.',0,0,'2019-06-10 15:40:13'),(3,3,3,'Et molestiae et quia nihil ad. Qui laudantium qui sed ea modi dolorum. Qui voluptas ducimus accusamus eius. Inventore a a eos repellendus qui.',1,0,'2018-06-11 01:15:41'),(4,4,4,'Dolores qui porro distinctio temporibus. Similique ratione quia inventore perferendis in. Facere quae fuga aspernatur voluptatem eaque cumque blanditiis.',1,0,'2017-01-31 00:29:22'),(5,5,5,'Architecto atque eveniet est architecto. Sed ut ad repudiandae et eius nulla qui. Rerum iusto quas qui similique.',1,0,'2020-06-29 07:14:07'),(6,6,6,'Reiciendis ipsa aspernatur explicabo ratione recusandae. Neque vitae amet omnis rerum ipsum ratione voluptates maxime. Sunt ut eius magni. Exercitationem quod magni itaque ipsum.',0,0,'2020-04-12 00:33:30'),(7,7,7,'Aperiam saepe molestias deleniti molestias ut veritatis. Consectetur necessitatibus et voluptatibus non quisquam. Consequatur assumenda reprehenderit excepturi facilis omnis ut magnam. Itaque eveniet et sint nostrum excepturi.',0,1,'2020-07-18 15:30:19'),(8,8,8,'Expedita animi ducimus nihil minus maxime expedita illo ab. Doloremque eum corporis nulla. Voluptatum ea eaque amet quia. Incidunt magnam quas at.',1,0,'2015-12-11 21:15:01'),(9,9,9,'Velit voluptatum qui fugiat ut nisi non. Ut dolor aut facere aut laudantium. Maxime eos dolorum sint aspernatur aspernatur id culpa blanditiis.',1,1,'2019-12-10 15:22:12'),(10,10,10,'Ut eum qui quisquam quia atque officia qui magni. Maiores omnis natus sed mollitia. Molestiae et omnis tenetur possimus nostrum. Mollitia officiis nemo illo voluptas velit minima.',1,0,'2013-04-10 01:56:31'),(11,11,11,'Mollitia molestiae in quis enim. Aliquam et eos praesentium reprehenderit non excepturi odio. Autem quis dolorum aut eum. Et velit dolorem nam nobis.',1,1,'2018-07-25 16:46:55'),(12,12,12,'Molestiae dolores ex et eum esse ab. Nihil et natus eum.',1,0,'2014-05-10 05:38:04'),(13,13,13,'Velit ut adipisci est sint beatae. Et perferendis at ut aut.',1,0,'2017-02-20 12:58:33'),(14,14,14,'Non omnis ex asperiores autem fuga totam molestiae. Delectus nulla tempora odit. Neque qui tempora reiciendis est ipsum sunt vel.',0,1,'2018-01-12 11:00:53'),(15,15,15,'Rerum quod libero voluptas molestiae officiis accusamus id. Ut voluptate autem qui ut. Quia debitis voluptatibus earum officia. Aliquam ipsa ea odit iste rem repudiandae eligendi.',0,1,'2013-03-09 15:17:27'),(16,16,16,'Delectus aut eum adipisci ut alias atque. Sint sunt aut sapiente non amet.',0,1,'2016-01-05 23:52:54'),(17,17,17,'Ratione deserunt unde necessitatibus aut. Sed laudantium quam quis sit non aut et. Consequatur eveniet quod et assumenda. Veritatis et consequatur non.',1,1,'2014-04-10 06:37:46'),(18,18,18,'Qui et maiores voluptas. Et tempore velit nemo voluptatem est nisi beatae. Asperiores consequatur nihil quo excepturi et rem. Maiores debitis quis qui.',0,1,'2020-03-28 10:51:51'),(19,19,19,'Quod optio et sequi quo aut qui. Quo eum ut consequatur ea. Magnam consequatur earum dolorum ipsam illo. Ex qui nihil dolorem dolores ad quis.',1,1,'2018-12-24 13:37:45'),(20,20,20,'Eum praesentium et itaque commodi reprehenderit voluptas iste. Eius eveniet et error id qui iste doloribus. Omnis doloribus sint alias quaerat libero. Illum architecto molestiae mollitia vero.',0,1,'2020-08-31 07:03:05'),(21,21,21,'Ut dolores ea eos. Error delectus explicabo itaque ut enim. Aut officia quae est illum repellendus porro. Quisquam quisquam velit alias non. Est omnis et ducimus qui amet.',0,1,'2019-12-20 04:38:21'),(22,22,22,'Numquam tempora aut earum exercitationem consequuntur expedita qui. Illum eos iste culpa dolores ut autem voluptatem. Beatae dolorum aspernatur ut quasi. Voluptatum voluptas aut molestiae aut quo consectetur.',0,1,'2015-09-28 06:39:25'),(23,23,23,'Voluptates dolorem molestiae labore earum. Sint cumque ipsam vel cum expedita. Dolorum ipsam magnam aspernatur dolore quod est.',1,0,'2016-10-04 16:47:49'),(24,24,24,'Officia velit possimus necessitatibus sed autem. Et voluptas et autem in rerum ea. Voluptatem illo aut autem perferendis rerum facere molestiae. Et explicabo ut beatae nihil voluptatem necessitatibus.',0,0,'2015-07-17 13:29:33'),(25,25,25,'Accusamus a fugit odio autem sunt earum repudiandae. Nemo perspiciatis sit et illum et et cum. Soluta corrupti ut dolore consectetur.',1,0,'2015-11-01 20:37:36'),(26,26,26,'Deleniti facere quis quas velit. Dolores et quas ipsa eveniet eos vel est. Debitis provident assumenda nulla voluptatem. Cum consequatur eius sint et qui consequatur esse laborum.',0,0,'2014-10-01 04:31:07'),(27,27,27,'Aut vel odit quos. Consequatur perferendis minus quas dignissimos pariatur quae tempora. Qui odio aliquid est tempore. Quibusdam qui at non vel nisi quis.',1,1,'2011-06-12 14:16:11'),(28,28,28,'Aperiam voluptas blanditiis sequi delectus. Earum voluptas nostrum ea dolor in autem quia nulla.',1,0,'2015-07-04 00:55:09'),(29,29,29,'Dolores veniam et quis dolorum fuga quia dolorum. Voluptates consectetur in dolorem maiores. Qui sed placeat suscipit consequuntur ut quisquam harum. Error omnis omnis ut ea est omnis.',1,0,'2020-11-25 04:23:52'),(30,30,30,'Consectetur dolor est fugit iure iure ut unde. Commodi fugit et ipsum voluptates commodi ipsum tempora. Consequatur aut nisi ut praesentium nesciunt repellat aut. Vero officia sunt quis qui.',0,0,'2018-02-12 10:46:22'),(31,31,31,'Itaque aut magnam magnam et. Beatae ad deserunt velit autem illum. Eaque sequi sed corporis dolores. Dolores fugit illo fuga aut.',1,0,'2020-06-24 23:20:13'),(32,32,32,'Iste deserunt at iste nemo officiis. Animi incidunt ipsam exercitationem qui sunt ducimus. Sequi omnis quis numquam placeat. Velit reiciendis unde aut nihil quidem. Quod nesciunt qui assumenda enim velit.',1,0,'2018-05-24 05:10:02'),(33,33,33,'Laudantium enim harum tenetur sunt qui vel et rerum. Dolores doloribus maiores eligendi accusantium quis qui.',0,0,'2019-04-29 00:16:15'),(34,34,34,'Dolores cupiditate dolores itaque sunt. Expedita commodi beatae sed dolores. Corporis rerum voluptates temporibus illum.',1,0,'2020-09-26 01:48:02'),(35,35,35,'Perspiciatis consequatur qui qui possimus ipsa voluptatem non aut. Itaque minima natus saepe iusto voluptatum delectus.',0,0,'2012-12-04 17:07:08'),(36,36,36,'Quaerat ex ut iure quam harum inventore dolor. Quasi perspiciatis est id odit. Illo voluptatem totam repudiandae tempora qui veniam in voluptas. Illum officiis corrupti expedita blanditiis expedita vel ea.',0,1,'2014-10-23 15:24:05'),(37,37,37,'Qui vel in in in quia sunt fugit. Quos magni quia fugit repellat nesciunt. Corporis inventore porro est sed quia tenetur qui veritatis.',1,1,'2012-10-18 14:48:53'),(38,38,38,'Tempore maiores mollitia deleniti. Fugiat vel quod voluptas distinctio nemo perspiciatis debitis. Enim voluptatem a pariatur deleniti. Nihil blanditiis sint numquam enim accusamus omnis totam. Accusantium repudiandae eum id aut quisquam consequuntur laudantium.',0,1,'2012-03-18 23:50:38'),(39,39,39,'Aut culpa ipsam vitae. Voluptatem autem deserunt adipisci nisi aut. Qui aut omnis tempore veniam consequatur qui. Voluptatem expedita qui perspiciatis pariatur.',1,1,'2014-01-30 09:15:43'),(40,40,40,'Et delectus non quos aliquid voluptatem. Aliquid et quia mollitia aut ut eius. Eum qui qui ut ab voluptas qui iusto.',1,1,'2015-01-12 17:18:20'),(41,41,41,'Quia eligendi repudiandae itaque vel nihil fuga aliquid. Quas aut eligendi distinctio rerum aliquid minus voluptas.',0,1,'2016-03-03 07:14:00'),(42,42,42,'Minus magni necessitatibus non. Aperiam aut porro quaerat laudantium facilis laudantium culpa. Non quia consequatur vel sint. Aut beatae ex enim natus.',0,1,'2013-01-23 19:25:08'),(43,43,43,'Recusandae ut voluptas omnis nam corrupti. Itaque facere voluptas assumenda nesciunt. Distinctio magnam et autem.',0,1,'2013-05-13 20:32:29'),(44,44,44,'Debitis illum consectetur minima provident eveniet sit. Temporibus dolor a necessitatibus magni qui totam. Deserunt unde laborum qui vel corrupti explicabo. Dignissimos et labore et corrupti non eaque sunt.',0,0,'2012-02-18 04:28:13'),(45,45,45,'Iusto est non natus quia aut laboriosam laudantium. Et a animi et aut officiis error et est. Et natus dolor consequuntur officiis cumque fugit.',0,0,'2011-06-05 20:35:25'),(46,46,46,'Ea qui maiores tenetur aspernatur iure dolores mollitia maiores. Id ut et vero consectetur aut explicabo. Corporis laudantium molestias dolores temporibus culpa. Tempora alias suscipit sed vel vel cupiditate et molestiae.',0,1,'2014-12-14 08:24:20'),(47,47,47,'Velit voluptatibus tempora assumenda fugiat aut suscipit id. Fuga minus minima animi soluta non facere illum velit. In quia delectus reiciendis. Ut est illo quasi harum.',0,0,'2012-01-19 08:55:21'),(48,48,48,'Suscipit laborum possimus amet neque molestiae sed quo harum. Maxime asperiores fugit sint eum quia. Dolores sed et esse incidunt consequuntur aliquam dolor. Sequi nesciunt cumque dolorem itaque.',0,1,'2017-09-07 06:13:42'),(49,49,49,'Et quod dolores et consequuntur sint est. Et aliquid sit eos dolorum rerum autem. Quia qui fuga quia tenetur aut assumenda.',1,0,'2021-03-19 06:58:40'),(50,50,50,'Laboriosam ut facilis eius non molestias perspiciatis commodi. Molestias aut unde illo consequatur dolorem. Qui culpa cupiditate aliquam non. Harum quidem quod consectetur itaque blanditiis rem.',0,0,'2016-12-07 12:29:57'),(51,51,51,'Deleniti dicta repudiandae quasi ipsum quibusdam. Neque magni rerum sed ea qui similique quibusdam. Veniam error ut voluptatem doloribus voluptate.',0,1,'2012-10-30 15:21:27'),(52,52,52,'Molestiae iusto amet assumenda eos culpa. Rerum assumenda velit eos tempora provident at enim.',1,1,'2011-04-11 17:58:03'),(53,53,53,'Magni voluptatem ab voluptatem. Labore aut vel eaque labore. Repellendus est nihil velit quo consequatur id ipsa. Recusandae accusantium omnis voluptatem sit.',1,1,'2013-11-25 22:17:58'),(54,54,54,'Corporis enim iste et nostrum. Quis dolorum quo dignissimos non incidunt in. Suscipit vero mollitia iusto quam illo. Aspernatur deleniti in et voluptas culpa deserunt omnis.',0,0,'2016-01-02 18:08:24'),(55,55,55,'Vel consequatur modi et. Deserunt repudiandae adipisci nam quisquam sed magni sit aut. Cupiditate possimus expedita repudiandae molestias. Voluptas ex eos corporis minus recusandae consectetur.',0,1,'2011-12-04 11:34:15'),(56,56,56,'Dolore quis nostrum aut labore molestiae. Nostrum nulla molestiae voluptas qui. Natus sapiente aliquid cupiditate eaque. Omnis id unde quia.',1,1,'2018-02-22 04:21:26'),(57,57,57,'Dignissimos exercitationem quia aliquam inventore earum eum corrupti. Labore quo tenetur esse fuga optio laboriosam.',0,1,'2015-08-11 04:46:25'),(58,58,58,'Aut ea voluptatibus et doloribus dolore. Voluptate ducimus qui pariatur debitis. Omnis dicta optio velit amet.',1,1,'2013-11-15 00:34:08'),(59,59,59,'Cumque magni at quasi minus. Expedita rem ab perferendis et.',0,1,'2012-10-25 20:54:22'),(60,60,60,'Molestiae beatae assumenda voluptas velit sit non. Est animi omnis iure. Error minus qui reiciendis facilis maxime fuga excepturi.',0,0,'2020-05-08 09:17:37'),(61,61,61,'Itaque assumenda veniam ut. Rem tempora quasi non nihil asperiores sit. Possimus doloribus hic qui et distinctio fugit. Rerum in consequuntur ut amet animi.',0,1,'2016-08-17 21:15:44'),(62,62,62,'Eveniet non magnam et quos. Dolorem qui at corrupti fugiat rem facilis possimus. Saepe quaerat fugit itaque laborum. Ducimus voluptatibus voluptatem perspiciatis corrupti assumenda alias reiciendis.',0,0,'2012-08-01 02:58:09'),(63,63,63,'Dolor expedita ut ipsum repudiandae. Consequatur debitis maxime necessitatibus ipsa dolor tempora beatae quas. Est placeat dolor labore non voluptatibus alias voluptate. Architecto sapiente veniam quos veniam.',1,1,'2020-04-27 00:07:45'),(64,64,64,'Rerum qui perspiciatis voluptatem natus aut adipisci. Asperiores ut et libero voluptatem libero nihil voluptas. Aspernatur consequuntur iusto dolorem porro error in quas culpa. Dolore nobis tempore maxime temporibus pariatur et.',1,1,'2012-12-31 07:25:19'),(65,65,65,'Aut nostrum eum non sit voluptates soluta. Dolor quis fugiat labore ut dolor. Velit quidem rerum est nostrum.',0,0,'2021-01-07 05:55:53'),(66,66,66,'Odio impedit porro voluptatem aliquid ullam velit fuga aut. Qui sed repellendus odit incidunt dolore quisquam in. Nihil officia cumque ut necessitatibus natus voluptas commodi qui. Sint accusantium corporis dolorem sint in ut debitis eligendi.',0,1,'2011-08-29 20:59:15'),(67,67,67,'Rerum omnis illo in molestiae consectetur. Accusantium quo quia tenetur a excepturi. Dolor quasi incidunt quae id eum illum eos.',0,1,'2016-02-11 08:00:29'),(68,68,68,'Aut nihil rerum mollitia odit consectetur necessitatibus iusto. Natus ad tenetur ut. Nobis laudantium nihil beatae explicabo sequi eum. Repudiandae aperiam maxime itaque.',0,1,'2018-02-05 08:55:00'),(69,69,69,'Quam accusamus fugit quis voluptas. Vero qui atque eum at doloribus et cumque. Facilis dolores harum ea illum et deleniti rerum.',0,1,'2011-12-06 12:58:35'),(70,70,70,'Earum nulla numquam aliquid quibusdam aut. Adipisci voluptatem in rerum non occaecati. Consequatur velit consequuntur fuga et.',1,0,'2019-05-19 06:51:35'),(71,71,71,'Aliquid incidunt vel at ea ut unde corporis vel. A rerum numquam et velit optio. Inventore ut accusantium veritatis itaque modi eaque deserunt. Quis molestiae officiis voluptatem labore.',1,0,'2015-01-02 11:33:38'),(72,72,72,'Maxime voluptatem praesentium voluptatibus animi sapiente. Qui possimus quidem enim quae. Non similique rem vitae laudantium tempore consequuntur.',1,1,'2012-03-13 21:44:54'),(73,73,73,'Sed suscipit nihil quia non illum consequatur minima. Fugiat voluptate optio odio sit minima necessitatibus modi. Omnis nostrum laboriosam ipsum.',0,0,'2012-03-14 03:30:42'),(74,74,74,'Iste ipsam numquam sunt magnam. Assumenda eligendi laborum quam aspernatur esse eos. Dolores neque facilis repudiandae eum et eaque. Quasi velit est totam velit.',0,0,'2012-02-07 06:46:01'),(75,75,75,'Et voluptas reprehenderit quisquam laborum maxime. Mollitia modi architecto cupiditate rem repellendus. Nam consectetur et deserunt totam et.',1,1,'2012-10-31 07:30:13'),(76,76,76,'Quia optio qui et alias voluptas. Deserunt officiis repellat ex quam delectus quia.',0,0,'2019-08-11 05:30:10'),(77,77,77,'Mollitia sunt rerum in et quasi cum. Neque aliquam qui temporibus cumque. Natus soluta ut sit amet nostrum at optio. Sequi atque sint quo sit fugit distinctio.',1,0,'2011-07-27 07:52:22'),(78,78,78,'Accusantium fuga aut ducimus. Qui eveniet sit deserunt recusandae excepturi. Adipisci molestiae mollitia non aut a aut.',0,0,'2017-10-04 12:53:01'),(79,79,79,'Et natus id nulla impedit. Animi ut delectus expedita maiores at mollitia id dolorem. Hic pariatur rem velit magnam.',0,0,'2012-10-22 02:09:47'),(80,80,80,'Doloribus impedit magnam quia recusandae ipsa voluptas repudiandae. Aperiam architecto asperiores optio vel reprehenderit esse. Aliquam velit ut delectus voluptates. Voluptatem adipisci quidem voluptatum excepturi similique illo repellendus. Voluptatem autem deleniti quos voluptate.',0,0,'2020-08-19 10:51:46'),(81,81,81,'Ad sit natus vitae omnis. Nobis eveniet ad vel iusto dolorem blanditiis. Et ab rerum beatae. Error quidem vel corrupti enim.',1,0,'2014-05-16 02:16:46'),(82,82,82,'Beatae blanditiis deleniti omnis porro sit. Illo porro a enim. Voluptatem voluptates enim doloribus non doloremque doloribus. Non sunt et maiores ipsam quod sunt laboriosam.',0,0,'2012-05-08 11:31:23'),(83,83,83,'Voluptatum sed qui veniam velit voluptatem enim sapiente. Explicabo occaecati nulla quae ut enim. Commodi culpa sint soluta aut ut minus.',1,1,'2018-01-08 23:52:50'),(84,84,84,'Delectus qui sint minima. Suscipit non voluptatum quod ducimus sed. Aut animi ut fuga officiis doloribus dolorum culpa.',1,1,'2015-03-07 19:41:16'),(85,85,85,'Odio porro reiciendis itaque ut voluptas et et. Eligendi porro quia tempore cum quam nemo. Asperiores natus accusamus cumque unde.',1,1,'2019-09-29 00:49:10'),(86,86,86,'Iste minus et corrupti. Qui sint itaque sint non laborum minus. Neque harum voluptate pariatur distinctio et repellendus sed aut.',0,1,'2018-09-20 00:31:19'),(87,87,87,'Eum deserunt qui ipsum inventore. Eum ex id nisi facilis repudiandae. Eligendi molestiae incidunt odio deleniti repellat quis temporibus. Libero illo non voluptatem id cupiditate.',0,0,'2011-06-30 01:06:20'),(88,88,88,'Sint rerum iste aliquam deleniti. Optio sed qui aperiam adipisci. Sed corporis blanditiis ut beatae facere harum tempora soluta.',0,1,'2015-05-31 13:52:41'),(89,89,89,'Aut architecto velit odit velit. Dolores quod dolores accusamus ducimus voluptas error voluptas. Nihil quos soluta et itaque tempora sapiente. Sint fugit quae quia autem sit rerum velit. Quasi nisi quo aut quia sunt facilis ut.',1,1,'2017-03-24 08:46:29'),(90,90,90,'Aut veritatis in nihil. Nesciunt quae qui officia molestias quo atque. Est itaque dolores sunt omnis aut et ut. Occaecati provident recusandae et quaerat itaque quod ipsa.',1,0,'2012-05-09 00:19:37'),(91,91,91,'Quos qui rem et dolores ab magnam. Rerum unde velit inventore ducimus. Et quis eos velit voluptatem repudiandae.',0,1,'2020-08-31 16:13:17'),(92,92,92,'Libero ex qui similique ut est facilis reiciendis. Qui reprehenderit velit aut repellat laboriosam aperiam tempore. Ipsam aut dolore culpa dignissimos eius beatae. Ex velit sit aut quam rerum odio autem nihil.',0,1,'2014-05-30 19:38:01'),(93,93,93,'Repellendus aut occaecati eaque quisquam aut aut alias corrupti. Autem quis ipsam autem ea. Accusamus nesciunt iure perferendis nam quia. Recusandae temporibus tempore laudantium quasi et.',1,1,'2018-04-21 12:58:57'),(94,94,94,'Eos doloremque eius et quia atque. Dolorum sunt et aut deserunt. Cumque quia consequatur incidunt corporis quia officiis nisi. Voluptas aliquid dolore aut architecto.',1,1,'2015-05-29 13:24:42'),(95,95,95,'Qui nisi earum dicta voluptate et vel. Laboriosam aut molestiae molestiae quia nam. Voluptatem amet vero excepturi qui rem aut eveniet.',0,0,'2018-02-26 11:00:07'),(96,96,96,'Voluptas ullam neque itaque quia. Ut eaque mollitia vitae nam eveniet earum.',0,1,'2017-11-06 20:01:13'),(97,97,97,'Aut quaerat est dolor sint. Dicta ad suscipit velit cumque ex enim velit. Non totam perspiciatis qui est eos et. Molestias harum aspernatur eaque aut. Soluta corrupti corporis maiores delectus et modi.',0,1,'2017-02-04 20:18:01'),(98,98,98,'Non corporis iure quo nobis asperiores est natus sed. Corporis voluptates quia sed possimus minima corrupti aut. Voluptatem laborum eligendi consequuntur est. Accusantium labore cupiditate nesciunt neque ut et.',1,1,'2018-10-20 09:23:11'),(99,99,99,'Aut natus quisquam fugit officiis ex. Similique autem commodi rerum eaque qui. Iste consectetur repudiandae odit velit natus.',1,0,'2018-12-20 22:56:11'),(100,100,100,'Iusto debitis ad blanditiis facere quis omnis ullam voluptatibus. Officia et libero autem illo. Quibusdam delectus voluptatem sit consequatur ut culpa. Vitae veniam aliquid totam consectetur maiores.',0,1,'2013-05-08 14:04:53');
/*!40000 ALTER TABLE `messages` ENABLE KEYS */;
UNLOCK TABLES;

--
-- Table structure for table `profiles`
--

DROP TABLE IF EXISTS `profiles`;
/*!40101 SET @saved_cs_client     = @@character_set_client */;
/*!50503 SET character_set_client = utf8mb4 */;
CREATE TABLE `profiles` (
  `user_id` int unsigned NOT NULL COMMENT 'Ссылка на пользователя',
  `gender` char(1) CHARACTER SET utf8mb4 COLLATE utf8mb4_unicode_ci NOT NULL COMMENT 'Пол',
  `birthday` date DEFAULT NULL COMMENT 'Дата рождения',
  `city` varchar(130) CHARACTER SET utf8mb4 COLLATE utf8mb4_unicode_ci DEFAULT NULL COMMENT 'Город проживания',
  `country` varchar(130) CHARACTER SET utf8mb4 COLLATE utf8mb4_unicode_ci DEFAULT NULL COMMENT 'Страна проживания',
  `last_login` datetime DEFAULT NULL COMMENT 'Последний вход в систему',
  `created_at` datetime DEFAULT CURRENT_TIMESTAMP COMMENT 'Время создания строки',
  `updated_at` datetime DEFAULT CURRENT_TIMESTAMP ON UPDATE CURRENT_TIMESTAMP COMMENT 'Время обновления строки',
  PRIMARY KEY (`user_id`)
) ENGINE=InnoDB DEFAULT CHARSET=utf8mb4 COLLATE=utf8mb4_unicode_ci COMMENT='Профили';
/*!40101 SET character_set_client = @saved_cs_client */;

--
-- Dumping data for table `profiles`
--

LOCK TABLES `profiles` WRITE;
/*!40000 ALTER TABLE `profiles` DISABLE KEYS */;
INSERT INTO `profiles` VALUES (1,'f','2007-08-29','Port Julioshire','Denmark','2009-06-16 03:44:18','2012-03-06 07:41:52','2011-12-16 17:24:16'),(2,'m','2018-03-04','West Raoul','Austria','2016-02-19 13:28:08','2012-12-18 22:36:59','2015-01-18 11:07:23'),(3,'f','1978-01-29','Kundeville','Iraq','1976-04-28 02:14:49','2018-07-12 03:17:23','2019-01-16 01:57:59'),(4,'f','1986-09-13','Port Vladimir','Mongolia','1977-03-18 13:00:44','2020-05-03 05:31:01','2015-07-13 00:39:59'),(5,'f','1986-06-03','Herzogview','Cyprus','2020-07-26 17:30:53','2017-12-05 14:11:35','2015-07-14 14:22:18'),(6,'m','1975-01-24','Maxineburgh','Saint Barthelemy','2011-07-20 22:38:00','2012-11-22 23:49:26','2021-02-21 18:33:34'),(7,'m','2015-08-05','New Katheryn','Indonesia','2018-10-02 04:02:17','2013-03-22 03:15:41','2014-01-31 00:46:50'),(8,'f','1974-04-30','Bernhardmouth','Iceland','2015-04-24 03:30:24','2015-12-05 14:17:16','2018-10-21 23:45:43'),(9,'f','1989-01-02','North Nehatown','Central African Republic','1987-09-13 03:33:34','2018-09-24 12:15:20','2015-08-31 02:13:02'),(10,'f','1996-01-18','Predovicport','Myanmar','1989-06-15 22:17:29','2014-03-14 02:31:06','2021-02-25 18:01:54'),(11,'m','1979-09-04','Muhammadshire','Afghanistan','1979-06-30 12:58:50','2014-06-30 04:37:09','2012-08-31 07:29:06'),(12,'m','2005-09-09','Port Aurore','Guam','1995-06-05 11:24:58','2014-03-23 16:12:55','2016-08-29 21:53:33'),(13,'m','2016-01-30','Stromantown','Saint Martin','2001-03-20 03:39:16','2019-10-31 17:03:37','2014-05-23 03:59:51'),(14,'f','2001-09-08','Christiansenfurt','Myanmar','2005-06-16 06:55:11','2013-04-01 10:18:17','2011-08-25 18:08:00'),(15,'m','1971-12-03','North Julian','Nicaragua','2015-09-08 08:45:54','2015-05-07 03:49:51','2014-11-08 12:31:16'),(16,'f','1993-09-28','Riceville','Mongolia','1992-02-04 21:56:23','2014-07-25 16:04:21','2015-01-28 08:36:29'),(17,'f','1988-01-30','Franzville','Bouvet Island (Bouvetoya)','1989-11-14 02:48:33','2012-08-04 17:35:40','2020-03-24 13:49:44'),(18,'m','2008-06-25','West Troybury','Spain','1973-03-17 06:06:36','2017-02-23 08:27:20','2014-05-24 01:45:04'),(19,'f','2003-12-19','Framishire','Macedonia','2000-07-09 08:24:05','2018-04-09 04:53:56','2013-11-07 02:58:10'),(20,'f','2010-05-04','Port Emmanuel','Saint Pierre and Miquelon','1989-03-22 03:31:02','2018-12-17 07:35:47','2018-11-28 19:30:53'),(21,'f','1973-06-03','New Bessie','Guam','1989-07-12 18:07:07','2019-08-13 22:30:19','2019-02-19 21:14:52'),(22,'f','1981-01-02','Kuhlmanhaven','Saudi Arabia','2008-12-29 10:29:10','2018-04-09 17:13:50','2016-12-22 13:27:28'),(23,'m','2013-07-09','Josianeborough','Germany','1981-09-30 12:27:44','2020-03-20 00:37:57','2020-09-02 00:50:16'),(24,'f','2012-06-22','Kreigerborough','Portugal','2008-04-06 21:07:21','2016-09-11 11:13:21','2011-11-28 10:53:04'),(25,'f','2002-03-31','Terrellton','Madagascar','2018-05-14 09:28:50','2013-03-25 15:53:38','2016-10-08 02:21:59'),(26,'m','1981-12-07','West Lailabury','Wallis and Futuna','2010-11-21 16:23:45','2015-11-29 18:18:42','2015-08-29 13:40:10'),(27,'f','1976-02-02','North Colten','Uganda','2001-01-23 11:01:09','2014-03-25 02:07:58','2017-06-28 00:55:31'),(28,'m','1978-03-14','West Isidrotown','Guatemala','2011-10-23 02:25:56','2015-07-14 20:58:12','2015-03-06 20:29:52'),(29,'f','2010-11-15','Port Ruben','Monaco','2020-07-16 10:23:20','2019-03-28 15:10:12','2012-10-18 07:56:20'),(30,'m','1973-01-25','West Julie','Saint Helena','2010-12-08 14:39:06','2019-03-13 01:41:43','2015-09-13 08:08:35'),(31,'m','1978-04-27','Brownfurt','Finland','1980-08-26 19:04:37','2018-05-07 00:16:45','2011-04-24 07:00:25'),(32,'f','2021-01-27','Nataliaburgh','Israel','1991-04-26 01:26:22','2015-04-25 10:54:44','2011-08-24 06:37:46'),(33,'m','1988-02-20','Rohanport','Aruba','1998-07-26 18:49:55','2017-06-18 18:01:54','2015-06-25 03:05:59'),(34,'f','2008-05-20','East Fannyview','Germany','1986-05-12 16:47:38','2013-10-04 00:21:37','2015-05-02 15:27:31'),(35,'m','1991-11-30','Pfeffermouth','Fiji','1977-04-18 16:43:18','2016-08-09 10:15:38','2020-12-07 04:06:15'),(36,'f','1999-06-04','Davisfurt','Pakistan','1975-07-20 14:43:32','2013-01-03 16:29:01','2014-02-24 21:38:36'),(37,'f','2002-04-19','Laurelhaven','French Guiana','1996-12-28 15:51:41','2018-11-08 10:37:31','2015-03-19 11:05:57'),(38,'m','2003-11-29','West Mollyland','Samoa','1985-03-30 14:26:57','2016-12-26 06:33:36','2011-10-23 21:20:49'),(39,'f','1996-10-09','Bradtkeside','Thailand','2008-05-13 04:07:56','2016-09-26 03:30:23','2017-06-11 01:25:57'),(40,'m','1997-04-17','Padbergberg','New Zealand','2004-06-28 05:29:31','2017-03-03 11:48:02','2021-01-07 17:01:48'),(41,'m','2017-05-26','Donnellyfurt','Kazakhstan','1973-07-23 12:42:51','2015-05-09 06:58:25','2011-08-07 10:39:24'),(42,'m','2005-05-31','West Jeffry','Norfolk Island','1970-09-09 19:23:15','2016-01-29 06:43:05','2011-07-11 14:52:42'),(43,'m','1988-04-05','Melbaburgh','Albania','2003-10-17 09:45:38','2016-10-04 06:15:03','2015-03-11 08:17:47'),(44,'f','1971-01-29','North Jenniehaven','Benin','2006-11-08 13:10:47','2015-07-07 23:05:31','2016-07-14 08:18:08'),(45,'f','1983-01-17','New Iva','Barbados','1982-12-07 17:07:56','2018-08-10 13:31:34','2011-06-25 13:57:10'),(46,'f','2014-04-06','Edentown','El Salvador','2002-08-09 23:23:29','2013-10-03 04:04:34','2012-09-13 22:15:56'),(47,'m','1983-02-22','Sauerstad','Portugal','1986-04-13 16:25:12','2012-05-29 15:24:47','2013-01-29 01:35:16'),(48,'m','2013-02-24','Meghanchester','Mexico','2018-11-02 00:15:17','2015-01-28 17:31:49','2012-07-08 09:44:20'),(49,'f','1998-12-15','Adelemouth','Gibraltar','1998-11-24 00:43:54','2014-02-26 07:18:52','2014-06-13 00:10:37'),(50,'m','1990-02-14','Ratkeville','Lao People\'s Democratic Republic','2009-07-21 07:15:56','2014-10-26 11:36:37','2011-11-18 09:33:09'),(51,'m','2013-03-25','Schaeferburgh','Armenia','1974-06-18 09:05:28','2012-06-12 08:48:10','2013-09-20 23:52:33'),(52,'f','2011-03-02','Missouriton','Liberia','1977-12-22 13:32:24','2011-08-04 08:21:31','2017-03-01 02:02:03'),(53,'f','1975-10-29','North Brainchester','American Samoa','1977-11-24 18:28:17','2018-10-25 20:55:36','2019-10-26 03:26:26'),(54,'f','1998-09-18','Rhiannonmouth','Anguilla','2007-01-27 04:16:07','2011-10-15 11:02:40','2017-04-02 07:14:36'),(55,'m','2012-11-25','Loyalton','Dominican Republic','1975-10-30 10:51:09','2019-10-31 04:38:49','2018-05-11 08:29:34'),(56,'m','2020-06-14','Ikeborough','Bhutan','2011-11-22 02:29:22','2012-09-13 09:24:57','2016-03-29 17:45:01'),(57,'m','1978-03-14','Schummburgh','Brazil','2004-04-05 18:59:35','2017-06-15 07:35:44','2019-07-05 05:38:32'),(58,'f','1988-03-27','South Marcosberg','Mexico','1984-10-25 01:48:31','2013-08-02 15:29:15','2017-11-30 15:15:59'),(59,'f','1982-05-27','North Jazmyne','Samoa','2006-05-11 11:36:33','2014-07-18 10:48:34','2019-04-21 07:19:04'),(60,'f','1982-05-12','Fernandochester','Grenada','1989-12-05 02:28:05','2019-09-18 04:50:20','2019-01-20 08:24:59'),(61,'f','2010-02-10','Kentonborough','Luxembourg','1970-02-04 14:52:39','2014-04-10 22:40:02','2019-03-11 03:19:41'),(62,'f','2017-01-21','Talonberg','Saint Barthelemy','1978-08-21 18:23:27','2017-08-18 04:25:08','2015-08-16 09:59:24'),(63,'f','1995-06-22','Reidchester','Comoros','1976-02-16 06:02:42','2014-02-24 05:08:47','2017-05-28 03:49:47'),(64,'m','1992-02-20','East Dillan','Trinidad and Tobago','1981-07-04 03:06:19','2018-01-31 03:46:44','2015-05-06 03:38:52'),(65,'f','1991-11-06','Langworthview','Peru','1991-06-20 01:50:23','2017-08-16 05:19:41','2017-12-28 21:36:41'),(66,'f','1973-07-27','Lake Dandre','Bangladesh','1991-05-28 07:25:46','2017-10-26 21:45:23','2014-03-22 01:01:46'),(67,'m','1970-07-14','New Gaetano','Djibouti','1980-01-18 02:35:16','2018-10-08 21:58:10','2011-12-16 08:55:27'),(68,'m','2014-02-06','New Seanchester','Saudi Arabia','2018-08-14 08:42:23','2013-06-23 01:21:04','2017-08-01 03:52:08'),(69,'f','1976-07-31','North Luzmouth','Guernsey','1984-02-28 17:15:15','2016-12-23 23:59:28','2011-09-01 12:09:26'),(70,'f','1994-07-07','Elzafurt','Ethiopia','2006-08-24 01:01:59','2017-07-28 10:48:32','2013-10-22 23:56:51'),(71,'f','2005-07-06','North Myaborough','Taiwan','1976-10-18 02:13:50','2018-09-27 08:32:17','2016-06-27 18:33:41'),(72,'f','1972-11-20','East Hanna','Antarctica (the territory South of 60 deg S)','1991-12-14 14:45:59','2012-02-20 23:06:51','2016-05-22 00:44:52'),(73,'f','2014-07-10','South Ernietown','Saint Lucia','2014-01-04 22:42:07','2012-02-23 21:14:13','2018-02-10 11:45:57'),(74,'f','1990-01-17','Lindbury','Libyan Arab Jamahiriya','2018-05-03 02:55:43','2014-02-12 09:48:39','2012-08-12 11:38:09'),(75,'f','1970-04-28','Bethmouth','Mozambique','2013-07-25 17:57:41','2012-03-08 02:17:53','2017-07-30 05:10:49'),(76,'f','1992-02-12','Lake Rosannafort','French Guiana','1992-11-05 11:21:55','2018-01-25 00:34:41','2016-06-27 15:41:02'),(77,'m','1988-04-07','Domenicstad','Iran','1973-05-03 22:28:02','2019-04-03 13:33:55','2013-04-22 12:54:45'),(78,'m','1999-01-01','Boehmville','Samoa','1999-03-30 11:46:29','2017-05-29 18:16:50','2015-11-11 12:55:30'),(79,'m','1994-09-09','North Ransom','Hungary','2005-04-03 08:37:00','2016-12-27 02:00:22','2015-06-24 05:43:01'),(80,'f','1981-09-08','Port Demarcofort','Bahrain','2012-03-06 14:29:46','2017-09-19 18:23:49','2016-07-14 03:07:10'),(81,'m','2006-08-08','East Christaland','Kyrgyz Republic','1981-08-01 02:27:47','2015-06-18 15:58:06','2020-08-23 05:09:20'),(82,'m','1994-08-01','Dickensburgh','Taiwan','1982-02-20 08:27:16','2020-06-25 18:28:11','2018-04-30 18:36:47'),(83,'m','2002-03-15','Lake Bernhard','Dominican Republic','2016-09-02 14:19:01','2013-07-04 08:38:13','2012-06-26 00:18:47'),(84,'m','1996-07-30','Quitzonfort','China','1977-02-01 07:36:58','2014-06-27 02:50:19','2014-02-24 14:57:35'),(85,'m','2013-05-08','Rozellatown','Iraq','1993-10-09 22:07:06','2020-03-22 01:34:25','2011-11-11 23:40:00'),(86,'f','1976-08-07','East Lacy','Cape Verde','1983-01-13 02:09:56','2016-08-12 00:42:47','2020-06-15 06:11:06'),(87,'m','2016-06-28','Emeraldfort','Dominica','1976-05-10 05:16:53','2012-04-17 02:37:18','2017-02-07 11:32:25'),(88,'f','1971-09-09','Keeleychester','Burkina Faso','1998-02-11 20:31:05','2019-09-22 14:14:58','2020-11-19 02:39:30'),(89,'f','1991-02-13','Goyetteside','Kyrgyz Republic','1985-07-14 22:07:41','2020-12-01 02:46:03','2017-08-03 12:20:40'),(90,'f','1970-03-08','North Barbaraborough','Ireland','1994-08-22 18:21:01','2014-04-27 06:23:47','2016-11-19 04:32:08'),(91,'m','2014-07-17','Kaitlinville','Luxembourg','2018-08-01 20:23:35','2014-03-19 05:01:48','2016-03-06 20:01:12'),(92,'f','1981-01-02','West Amirview','Equatorial Guinea','2021-01-04 12:05:25','2021-02-14 06:05:17','2016-10-05 13:41:43'),(93,'f','2010-07-15','Lake Brody','Algeria','1997-01-12 07:48:21','2014-05-11 02:07:30','2016-07-31 12:31:56'),(94,'m','2011-09-15','Fredaside','Bulgaria','1997-11-07 23:05:58','2014-05-21 22:21:18','2019-08-01 03:42:35'),(95,'m','1993-07-20','East Karl','Bahamas','1999-10-01 19:24:16','2012-08-20 01:08:32','2020-06-29 20:28:32'),(96,'m','2000-01-25','Lake Kellystad','Macao','1983-12-08 06:19:52','2012-02-28 08:44:21','2020-09-11 10:29:30'),(97,'f','2014-01-28','East Alvera','British Virgin Islands','1974-09-06 12:38:25','2014-04-14 19:03:05','2016-07-29 22:20:14'),(98,'m','1989-03-03','East Jaeden','Zambia','1984-10-19 16:56:21','2018-01-09 01:38:10','2014-12-05 22:47:12'),(99,'f','2015-11-21','Lake Maxwellborough','Saint Kitts and Nevis','1996-03-03 05:39:24','2012-04-03 20:26:05','2017-08-07 15:39:30'),(100,'f','1991-08-21','Marksberg','Niue','2000-05-10 08:50:00','2016-04-04 14:45:33','2017-07-19 00:50:22');
/*!40000 ALTER TABLE `profiles` ENABLE KEYS */;
UNLOCK TABLES;

--
-- Table structure for table `users`
--

DROP TABLE IF EXISTS `users`;
/*!40101 SET @saved_cs_client     = @@character_set_client */;
/*!50503 SET character_set_client = utf8mb4 */;
CREATE TABLE `users` (
  `id` int unsigned NOT NULL AUTO_INCREMENT COMMENT 'Идентификатор строки',
  `first_name` varchar(100) CHARACTER SET utf8mb4 COLLATE utf8mb4_unicode_ci NOT NULL COMMENT 'Имя пользователя',
  `last_name` varchar(100) CHARACTER SET utf8mb4 COLLATE utf8mb4_unicode_ci NOT NULL COMMENT 'Фамилия пользователя',
  `email` varchar(100) CHARACTER SET utf8mb4 COLLATE utf8mb4_unicode_ci NOT NULL COMMENT 'Почта',
  `phone` varchar(100) CHARACTER SET utf8mb4 COLLATE utf8mb4_unicode_ci NOT NULL COMMENT 'Телефон',
  `created_at` datetime DEFAULT CURRENT_TIMESTAMP COMMENT 'Время создания строки',
  `updated_at` datetime DEFAULT CURRENT_TIMESTAMP ON UPDATE CURRENT_TIMESTAMP COMMENT 'Время обновления строки',
  PRIMARY KEY (`id`),
  UNIQUE KEY `email` (`email`),
  UNIQUE KEY `phone` (`phone`)
) ENGINE=InnoDB AUTO_INCREMENT=101 DEFAULT CHARSET=utf8mb4 COLLATE=utf8mb4_unicode_ci COMMENT='Пользователи';
/*!40101 SET character_set_client = @saved_cs_client */;

--
-- Dumping data for table `users`
--

LOCK TABLES `users` WRITE;
/*!40000 ALTER TABLE `users` DISABLE KEYS */;
INSERT INTO `users` VALUES (1,'Cara','Koss','ibrakus@example.org','670.739.1106','2016-07-11 13:50:18','2016-08-09 16:38:25'),(2,'Toney','Bayer','macy24@example.com','(920)271-0569','2018-11-18 18:23:01','2018-02-16 07:10:35'),(3,'Murphy','Rodriguez','kirk38@example.net','1-313-981-8873','2015-11-12 06:21:35','2016-06-18 22:09:32'),(4,'Israel','Lang','koss.chaya@example.org','1-963-661-3549x927','2015-12-04 20:04:57','2018-08-07 13:20:23'),(5,'Frederic','Connelly','prince.schoen@example.net','874-247-1058x1390','2015-03-18 13:22:50','2012-03-18 11:33:48'),(6,'Marie','Ebert','macejkovic.scot@example.net','(865)417-3018x42799','2016-02-20 08:03:59','2013-04-19 06:16:19'),(7,'Ciara','Walter','dereck32@example.net','00689368406','2011-08-04 02:49:33','2020-06-18 07:29:36'),(8,'Jessy','Bosco','karen.luettgen@example.com','1-895-376-4401','2013-10-06 05:56:47','2014-03-10 03:17:27'),(9,'Elmo','Collier','rogers35@example.net','1-453-052-8817x77990','2016-10-01 04:50:45','2018-01-26 16:59:02'),(10,'Claudine','Ratke','drunolfsson@example.org','485.234.9521','2011-11-12 13:36:14','2019-09-02 17:45:12'),(11,'Clotilde','Bechtelar','makenna.zieme@example.com','910.245.7742x09974','2015-05-25 19:46:10','2016-12-07 20:04:01'),(12,'Foster','Cruickshank','marjolaine.oberbrunner@example.com','178-182-6142x59360','2017-08-01 03:41:33','2020-08-25 20:48:53'),(13,'Mabelle','Botsford','berneice.shanahan@example.com','+10(3)2784958094','2017-08-31 07:46:09','2016-04-28 03:14:08'),(14,'Kyler','Davis','gmurray@example.net','723-478-9722x4304','2019-08-13 03:01:24','2020-05-06 23:42:17'),(15,'Alessia','Turcotte','jeanne.stracke@example.net','1-884-688-8291x04401','2013-12-21 02:17:22','2019-06-20 06:36:07'),(16,'Jules','Gutmann','stefan.padberg@example.com','856.756.7361x783','2018-03-11 19:29:00','2018-07-17 21:02:00'),(17,'Lexus','Rau','ucormier@example.org','632.481.7747','2014-05-05 01:09:44','2020-04-06 16:41:46'),(18,'Richard','Bechtelar','rodolfo83@example.org','651.040.3944x9042','2012-12-12 21:57:12','2018-10-29 05:59:28'),(19,'Mona','Graham','manley10@example.net','(223)385-2217','2016-09-29 20:24:26','2019-05-23 15:05:27'),(20,'Claud','Williamson','lafayette30@example.net','(267)810-2301x985','2020-11-20 08:22:20','2017-10-03 04:30:06'),(21,'Arielle','Hagenes','ullrich.trace@example.net','(515)576-0336','2015-07-23 15:45:57','2021-03-25 14:43:41'),(22,'Joanne','Lemke','harvey.bonnie@example.net','1-262-887-3886x066','2015-06-26 02:01:14','2011-09-01 02:38:48'),(23,'Keshaun','Maggio','qemard@example.org','(116)808-7632x2850','2018-09-22 18:43:01','2015-12-22 15:11:12'),(24,'Derrick','Torp','morris.white@example.net','(677)517-1180x39448','2013-12-04 11:36:14','2019-03-19 05:00:00'),(25,'Ressie','Swift','luettgen.lelah@example.com','475-020-6254x71175','2018-01-25 02:30:26','2012-08-12 05:41:45'),(26,'Donnie','Dare','elta54@example.net','1-993-741-9971','2013-08-13 06:06:07','2015-10-07 19:09:39'),(27,'Kyleigh','Howell','fcummings@example.org','(970)198-9259x306','2016-12-20 07:43:25','2016-05-28 09:49:20'),(28,'Ryder','Stoltenberg','boyle.misael@example.net','1-473-729-8431','2018-05-23 20:19:30','2016-07-06 10:22:54'),(29,'Jerrold','Pfeffer','ekunze@example.net','133-279-7902x86577','2017-09-08 23:14:34','2013-12-21 21:17:14'),(30,'Gage','Hermann','keanu04@example.org','1-151-176-0899','2020-07-23 11:25:04','2017-10-30 10:55:36'),(31,'Jacinto','Fisher','stroman.raoul@example.net','021-505-0590x89777','2019-05-12 06:14:26','2018-07-11 06:56:54'),(32,'Elwyn','Gulgowski','qschinner@example.net','(223)332-9822x10022','2016-04-04 23:17:02','2017-08-19 18:39:08'),(33,'Else','Grady','fadel.gerry@example.com','142-470-9050x6784','2013-12-24 08:09:28','2020-08-08 13:01:03'),(34,'Lexi','Raynor','sidney.homenick@example.net','507-453-3694x986','2011-07-07 05:09:25','2014-05-30 05:40:38'),(35,'Dimitri','Waelchi','dauer@example.org','243.355.3068','2013-03-02 20:19:57','2015-09-23 08:35:21'),(36,'Mckenzie','Lehner','ewald.macejkovic@example.org','00019579247','2013-06-29 04:55:13','2016-01-17 23:04:34'),(37,'Darwin','Kemmer','dorothy.mccullough@example.net','678-860-0965x5959','2020-05-02 22:29:47','2017-09-15 23:22:34'),(38,'Ally','Beier','stanley29@example.com','1-511-050-5009x5056','2018-07-10 04:21:09','2019-10-01 15:22:15'),(39,'Sandra','O\'Hara','dominique99@example.net','+84(9)0278969374','2016-11-08 10:28:30','2018-06-23 23:36:09'),(40,'Everardo','Aufderhar','west.camille@example.org','1-319-685-6893','2013-04-14 22:15:06','2019-05-16 04:51:50'),(41,'Perry','Wolf','raymond.mccullough@example.net','(613)241-0967','2017-10-05 03:38:44','2014-06-06 13:44:31'),(42,'Verda','Romaguera','lockman.liana@example.net','+54(9)5133397964','2013-06-26 20:41:26','2020-10-22 14:05:00'),(43,'Mariah','Haley','frederick.barton@example.com','1-061-287-5155x244','2013-12-09 16:34:55','2020-02-19 22:11:13'),(44,'Brisa','Ankunding','amy.haley@example.com','108-644-3852x3962','2017-01-12 00:42:00','2011-10-23 17:29:50'),(45,'Judd','Berge','shyanne.runolfsson@example.net','(213)505-7923x241','2020-02-03 19:07:49','2015-10-08 17:54:43'),(46,'Wava','O\'Kon','scottie.streich@example.com','386.592.3262x12568','2018-12-26 15:31:16','2016-10-25 20:24:38'),(47,'Silas','Fisher','ferry.hudson@example.com','380.543.2802x140','2017-10-04 09:42:39','2011-10-01 04:18:20'),(48,'Payton','Nienow','hamill.hiram@example.net','1-584-080-0119','2016-01-08 04:41:34','2017-01-31 03:37:03'),(49,'Tessie','Jones','osborne04@example.org','01218679091','2013-06-01 10:30:55','2019-01-25 07:47:26'),(50,'Shania','Bradtke','maribel.turcotte@example.org','668.797.3575x2853','2018-07-16 02:42:23','2013-07-15 17:40:23'),(51,'Camilla','Shields','eryan@example.com','1-847-924-5021','2018-10-25 00:13:13','2015-07-16 10:01:02'),(52,'Magdalen','Crist','sigurd92@example.org','(973)604-5239','2013-03-14 02:02:08','2014-09-22 23:02:33'),(53,'Blake','Rau','erdman.dee@example.net','161.280.4469','2020-03-14 09:21:36','2014-09-19 12:07:34'),(54,'Bernadette','Borer','dickens.jeanette@example.net','513.579.8906','2017-05-20 00:44:14','2012-04-26 23:16:29'),(55,'Marcelo','Lowe','mkiehn@example.com','934-712-1102x92777','2013-11-11 06:52:45','2012-05-17 11:40:23'),(56,'Edgardo','Rempel','ymetz@example.com','066-779-8801','2019-10-12 13:39:42','2015-07-06 17:18:51'),(57,'Zachariah','Tremblay','bogan.garrison@example.net','180-834-8082','2017-06-01 15:29:12','2011-11-01 06:01:19'),(58,'Anastasia','Bashirian','oschumm@example.org','873.655.3108x462','2019-02-24 00:34:41','2019-12-03 18:54:28'),(59,'Elfrieda','Wyman','delphia.friesen@example.org','01440646274','2017-12-17 13:11:30','2014-04-30 01:07:03'),(60,'Rachelle','Morissette','crooks.alaina@example.net','988.026.3230x783','2018-12-11 01:13:33','2015-11-23 03:15:41'),(61,'Kaylie','Hilpert','carter.zander@example.net','141-878-1220','2018-12-01 03:35:33','2017-12-25 02:03:07'),(62,'Mellie','Feeney','goberbrunner@example.com','1-813-070-7513x69255','2013-01-28 17:33:28','2015-08-16 19:51:12'),(63,'Candace','Eichmann','ivah.harris@example.org','(286)380-1297x820','2017-12-04 08:27:11','2017-06-24 05:53:55'),(64,'Marcellus','Wiegand','mcorwin@example.org','1-336-032-1014','2020-09-09 23:20:33','2012-03-16 14:38:03'),(65,'Erick','Jaskolski','arthur19@example.org','(340)868-7181','2017-08-22 12:59:16','2015-11-28 08:44:25'),(66,'Meta','Mitchell','altenwerth.cortney@example.org','1-013-760-7387x0951','2017-05-20 19:00:32','2017-07-15 16:32:17'),(67,'Lurline','Dooley','tillman.effie@example.com','1-728-994-4096x58677','2012-05-03 13:55:53','2012-12-16 18:34:53'),(68,'Tyler','Goldner','tracey.kilback@example.net','1-079-593-0721','2011-11-28 21:13:51','2018-10-26 16:07:28'),(69,'Hipolito','Schumm','verner.o\'reilly@example.com','+77(0)1041901594','2017-02-14 20:08:25','2019-01-14 01:22:30'),(70,'Enos','Bahringer','karl.gleichner@example.com','245-902-4119','2013-07-27 01:33:38','2016-12-24 02:24:55'),(71,'Norene','Windler','ekshlerin@example.org','890.256.1858x225','2013-07-08 10:54:23','2011-12-11 13:27:51'),(72,'Ava','Stanton','ronny.abernathy@example.com','345.517.1918x94014','2016-04-09 10:58:30','2013-07-06 20:23:02'),(73,'Elinore','Weissnat','bogan.kane@example.net','874-455-6469x4550','2012-02-07 05:17:13','2011-05-23 07:52:06'),(74,'Mabel','Moore','fhilpert@example.com','006-848-5267x5239','2014-03-01 10:22:17','2017-11-27 20:23:57'),(75,'Dudley','Green','gustave.cartwright@example.org','1-451-419-0482x0539','2018-07-10 15:25:08','2017-01-23 20:29:34'),(76,'Donato','Ledner','turcotte.hellen@example.com','590-290-9849','2011-11-23 01:11:55','2013-07-19 09:05:45'),(77,'Tyson','McKenzie','beaulah25@example.org','040-991-9865','2020-08-24 00:55:48','2015-03-13 00:12:37'),(78,'Americo','Bogisich','lkuvalis@example.org','183-254-3574','2013-07-31 14:25:03','2016-01-25 01:00:20'),(79,'Magdalen','Kohler','karina.schmidt@example.net','663-167-4166','2016-05-14 11:37:35','2014-12-26 14:03:49'),(80,'Orlo','Wunsch','yvonne29@example.org','098.301.7415','2019-03-13 20:51:51','2012-01-25 03:38:38'),(81,'Emily','Kulas','daisy65@example.com','943.239.2984x7585','2014-02-03 02:51:45','2013-06-11 23:02:06'),(82,'Antwan','D\'Amore','qhirthe@example.com','176-590-1877x435','2017-05-26 15:21:25','2017-03-01 00:27:53'),(83,'Teresa','Fritsch','lemuel.o\'connell@example.net','367-100-4942x71319','2016-04-29 19:42:19','2017-03-24 17:25:42'),(84,'Faye','Schowalter','jschulist@example.net','+04(0)1715152159','2019-06-25 07:36:18','2015-03-21 07:52:46'),(85,'Clyde','Bartoletti','tlakin@example.net','210-826-8900x960','2012-03-16 15:10:44','2019-01-26 00:46:35'),(86,'Teagan','Erdman','kemmer.frances@example.net','194.347.7588x4772','2012-03-03 23:01:27','2020-05-29 23:02:04'),(87,'Rudy','Schinner','jamil.borer@example.net','07272854197','2012-11-06 06:29:23','2011-08-18 05:35:28'),(88,'Price','Block','damaris01@example.com','05144705500','2014-10-04 08:47:53','2014-06-13 17:52:43'),(89,'Isabell','Kemmer','senger.luigi@example.com','835-908-4691x30834','2013-08-03 04:32:36','2017-03-15 04:24:37'),(90,'Alva','Schaefer','raoul86@example.com','680.449.1856x5889','2018-06-26 20:19:43','2011-09-03 12:04:08'),(91,'Ettie','Block','demario85@example.org','+08(8)3910024612','2016-07-27 14:52:08','2020-01-23 00:06:47'),(92,'Ettie','Beer','margie44@example.com','(664)403-3261x4874','2011-05-29 10:18:30','2019-03-23 08:18:23'),(93,'Helene','Krajcik','curt.o\'keefe@example.net','174.063.1318x240','2012-10-02 00:28:26','2013-05-22 08:08:29'),(94,'Hazle','Strosin','mckenzie.camron@example.org','1-040-305-7782x52981','2013-04-13 12:59:20','2011-10-21 03:13:55'),(95,'Oswald','Kertzmann','bartoletti.hulda@example.net','(255)327-1313x5964','2017-08-09 02:32:50','2015-08-09 16:32:19'),(96,'Marian','Bartoletti','pacocha.alexys@example.net','1-060-610-5885x4203','2016-08-10 17:57:42','2019-05-04 14:22:17'),(97,'Amir','VonRueden','quigley.alene@example.org','+06(5)1651773243','2013-06-28 11:58:27','2011-05-03 13:43:24'),(98,'Lea','Lindgren','rosa.beer@example.org','415-648-3617','2013-11-15 14:44:02','2014-12-24 14:45:31'),(99,'Amelie','Schmeler','smith.freddie@example.net','+13(3)0771901425','2016-09-06 02:46:03','2013-07-11 00:51:45'),(100,'Andres','Weimann','junius79@example.com','(152)231-4676','2016-07-11 18:04:49','2017-02-09 17:51:51');
/*!40000 ALTER TABLE `users` ENABLE KEYS */;
UNLOCK TABLES;

--
-- Dumping routines for database 'vk'
--
/*!40103 SET TIME_ZONE=@OLD_TIME_ZONE */;

/*!40101 SET SQL_MODE=@OLD_SQL_MODE */;
/*!40014 SET FOREIGN_KEY_CHECKS=@OLD_FOREIGN_KEY_CHECKS */;
/*!40014 SET UNIQUE_CHECKS=@OLD_UNIQUE_CHECKS */;
/*!40101 SET CHARACTER_SET_CLIENT=@OLD_CHARACTER_SET_CLIENT */;
/*!40101 SET CHARACTER_SET_RESULTS=@OLD_CHARACTER_SET_RESULTS */;
/*!40101 SET COLLATION_CONNECTION=@OLD_COLLATION_CONNECTION */;
/*!40111 SET SQL_NOTES=@OLD_SQL_NOTES */;

-- Dump completed on 2021-04-11 20:16:25
